Fecha,Hito,Tipo,TipoCodigo
10/31/2013,Liquidación Izzi,Exit,5
11/1/13,Desempleo,Desempleo,3
11/2/13,Desempleo,Desempleo,3
11/3/13,Desempleo,Desempleo,3
11/4/13,Desempleo,Desempleo,3
11/5/13,Desempleo,Desempleo,3
11/6/13,Desempleo,Desempleo,3
11/7/13,Desempleo,Desempleo,3
11/8/13,Desempleo,Desempleo,3
11/9/13,Desempleo,Desempleo,3
11/10/13,Desempleo,Desempleo,3
11/11/13,Desempleo,Desempleo,3
11/12/13,Desempleo,Desempleo,3
11/13/2013,Desempleo,Desempleo,3
11/14/2013,Desempleo,Desempleo,3
11/15/2013,Desempleo,Desempleo,3
11/16/2013,Desempleo,Desempleo,3
11/17/2013,Desempleo,Desempleo,3
11/18/2013,Desempleo,Desempleo,3
11/19/2013,Desempleo,Desempleo,3
11/20/2013,Desempleo,Desempleo,3
11/21/2013,Desempleo,Desempleo,3
11/22/2013,Desempleo,Desempleo,3
11/23/2013,Desempleo,Desempleo,3
11/24/2013,Desempleo,Desempleo,3
11/25/2013,Desempleo,Desempleo,3
11/26/2013,Desempleo,Desempleo,3
11/27/2013,Desempleo,Desempleo,3
11/28/2013,Desempleo,Desempleo,3
11/29/2013,Desempleo,Desempleo,3
11/30/2013,Desempleo,Desempleo,3
12/1/13,Desempleo,Desempleo,3
12/2/13,Desempleo,Desempleo,3
12/3/13,Desempleo,Desempleo,3
12/4/13,Desempleo,Desempleo,3
12/5/13,Desempleo,Desempleo,3
12/6/13,Desempleo,Desempleo,3
12/7/13,Desempleo,Desempleo,3
12/8/13,Desempleo,Desempleo,3
12/9/13,Desempleo,Desempleo,3
12/10/13,Desempleo,Desempleo,3
12/11/13,Desempleo,Desempleo,3
12/12/13,Desempleo,Desempleo,3
12/13/2013,Desempleo,Desempleo,3
12/14/2013,Desempleo,Desempleo,3
12/15/2013,Desempleo,Desempleo,3
12/16/2013,Desempleo,Desempleo,3
12/17/2013,Desempleo,Desempleo,3
12/18/2013,Desempleo,Desempleo,3
12/19/2013,Desempleo,Desempleo,3
12/20/2013,Desempleo,Desempleo,3
12/21/2013,Desempleo,Desempleo,3
12/22/2013,Desempleo,Desempleo,3
12/23/2013,Desempleo,Desempleo,3
12/24/2013,Desempleo,Desempleo,3
12/25/2013,Desempleo,Desempleo,3
12/26/2013,Desempleo,Desempleo,3
12/27/2013,Desempleo,Desempleo,3
12/28/2013,Desempleo,Desempleo,3
12/29/2013,Desempleo,Desempleo,3
12/30/2013,Desempleo,Desempleo,3
12/31/2013,Desempleo,Desempleo,3
1/1/14,Desempleo,Desempleo,3
1/2/14,Desempleo,Desempleo,3
1/3/14,Desempleo,Desempleo,3
1/4/14,Desempleo,Desempleo,3
1/5/14,Desempleo,Desempleo,3
1/6/14,Desempleo,Desempleo,3
1/7/14,Desempleo,Desempleo,3
1/8/14,Desempleo,Desempleo,3
1/9/14,Desempleo,Desempleo,3
1/10/14,Desempleo,Desempleo,3
1/11/14,Desempleo,Desempleo,3
1/12/14,Desempleo,Desempleo,3
1/13/2014,Desempleo,Desempleo,3
1/14/2014,Desempleo,Desempleo,3
1/15/2014,Desempleo,Desempleo,3
1/16/2014,Desempleo,Desempleo,3
1/17/2014,Desempleo,Desempleo,3
1/18/2014,Desempleo,Desempleo,3
1/19/2014,Desempleo,Desempleo,3
1/20/2014,Desempleo,Desempleo,3
1/21/2014,Desempleo,Desempleo,3
1/22/2014,Desempleo,Desempleo,3
1/23/2014,Desempleo,Desempleo,3
1/24/2014,Desempleo,Desempleo,3
1/25/2014,Desempleo,Desempleo,3
1/26/2014,Desempleo,Desempleo,3
1/27/2014,Desempleo,Desempleo,3
1/28/2014,Desempleo,Desempleo,3
1/29/2014,Desempleo,Desempleo,3
1/30/2014,Desempleo,Desempleo,3
1/31/2014,Desempleo,Desempleo,3
2/1/14,Desempleo,Desempleo,3
2/2/14,Desempleo,Desempleo,3
2/3/14,Desempleo,Desempleo,3
2/4/14,Desempleo,Desempleo,3
2/5/14,Desempleo,Desempleo,3
2/6/14,Desempleo,Desempleo,3
2/7/14,Desempleo,Desempleo,3
2/8/14,Desempleo,Desempleo,3
2/9/14,Desempleo,Desempleo,3
2/10/14,Desempleo,Desempleo,3
2/11/14,Desempleo,Desempleo,3
2/12/14,Desempleo,Desempleo,3
2/13/2014,Desempleo,Desempleo,3
2/14/2014,Desempleo,Desempleo,3
2/15/2014,Desempleo,Desempleo,3
2/16/2014,Desempleo,Desempleo,3
2/17/2014,Desempleo,Desempleo,3
2/18/2014,Desempleo,Desempleo,3
2/19/2014,Desempleo,Desempleo,3
2/20/2014,Desempleo,Desempleo,3
2/21/2014,Desempleo,Desempleo,3
2/22/2014,Desempleo,Desempleo,3
2/23/2014,Desempleo,Desempleo,3
2/24/2014,Desempleo,Desempleo,3
2/25/2014,Desempleo,Desempleo,3
2/26/2014,Desempleo,Desempleo,3
2/27/2014,Desempleo,Desempleo,3
2/28/2014,Desempleo,Desempleo,3
3/1/14,Desempleo,Desempleo,3
3/2/14,Desempleo,Desempleo,3
3/3/14,Desempleo,Desempleo,3
3/4/14,Desempleo,Desempleo,3
3/5/14,Desempleo,Desempleo,3
3/6/14,Desempleo,Desempleo,3
3/7/14,Desempleo,Desempleo,3
3/8/14,Desempleo,Desempleo,3
3/9/14,Desempleo,Desempleo,3
3/10/14,Desempleo,Desempleo,3
3/11/14,Desempleo,Desempleo,3
3/12/14,Desempleo,Desempleo,3
3/13/2014,Desempleo,Desempleo,3
3/14/2014,Desempleo,Desempleo,3
3/15/2014,Desempleo,Desempleo,3
3/16/2014,Desempleo,Desempleo,3
3/17/2014,Desempleo,Desempleo,3
3/18/2014,Desempleo,Desempleo,3
3/19/2014,Desempleo,Desempleo,3
3/20/2014,Desempleo,Desempleo,3
3/21/2014,Desempleo,Desempleo,3
3/22/2014,Desempleo,Desempleo,3
3/23/2014,Desempleo,Desempleo,3
3/24/2014,Desempleo,Desempleo,3
3/25/2014,Desempleo,Desempleo,3
3/26/2014,Desempleo,Desempleo,3
3/27/2014,Desempleo,Desempleo,3
3/28/2014,Desempleo,Desempleo,3
3/29/2014,Desempleo,Desempleo,3
3/30/2014,Desempleo,Desempleo,3
3/31/2014,Desempleo,Desempleo,3
4/1/14,Credit Suisse,Asignación,2
4/2/14,Credit Suisse,Asignado,1
4/3/14,Credit Suisse,Asignado,1
4/4/14,Credit Suisse,Asignado,1
4/5/14,Credit Suisse,Asignado,1
4/6/14,Credit Suisse,Asignado,1
4/7/14,Credit Suisse,Asignado,1
4/8/14,Credit Suisse,Asignado,1
4/9/14,Credit Suisse,Asignado,1
4/10/14,Credit Suisse,Asignado,1
4/11/14,Credit Suisse,Asignado,1
4/12/14,Credit Suisse,Asignado,1
4/13/2014,Credit Suisse,Asignado,1
4/14/2014,Credit Suisse,Asignado,1
4/15/2014,Credit Suisse,Asignado,1
4/16/2014,Credit Suisse,Asignado,1
4/17/2014,Credit Suisse,Asignado,1
4/18/2014,Credit Suisse,Asignado,1
4/19/2014,Credit Suisse,Asignado,1
4/20/2014,Credit Suisse,Asignado,1
4/21/2014,Credit Suisse,Asignado,1
4/22/2014,Credit Suisse,Asignado,1
4/23/2014,Credit Suisse,Asignado,1
4/24/2014,Credit Suisse,Asignado,1
4/25/2014,Credit Suisse,Asignado,1
4/26/2014,Credit Suisse,Asignado,1
4/27/2014,Credit Suisse,Asignado,1
4/28/2014,Credit Suisse,Asignado,1
4/29/2014,Credit Suisse,Asignado,1
4/30/2014,Credit Suisse,Asignado,1
5/1/14,Credit Suisse,Asignado,1
5/2/14,Credit Suisse,Asignado,1
5/3/14,Credit Suisse,Asignado,1
5/4/14,Credit Suisse,Asignado,1
5/5/14,Credit Suisse,Asignado,1
5/6/14,Credit Suisse,Asignado,1
5/7/14,Credit Suisse,Asignado,1
5/8/14,Credit Suisse,Asignado,1
5/9/14,Credit Suisse,Asignado,1
5/10/14,Credit Suisse,Asignado,1
5/11/14,Credit Suisse,Asignado,1
5/12/14,Credit Suisse,Asignado,1
5/13/2014,Credit Suisse,Asignado,1
5/14/2014,Credit Suisse,Asignado,1
5/15/2014,Credit Suisse,Asignado,1
5/16/2014,Credit Suisse,Asignado,1
5/17/2014,Credit Suisse,Asignado,1
5/18/2014,Credit Suisse,Asignado,1
5/19/2014,Credit Suisse,Asignado,1
5/20/2014,Credit Suisse,Asignado,1
5/21/2014,Credit Suisse,Asignado,1
5/22/2014,Credit Suisse,Asignado,1
5/23/2014,Credit Suisse,Asignado,1
5/24/2014,Credit Suisse,Asignado,1
5/25/2014,Credit Suisse,Asignado,1
5/26/2014,Credit Suisse,Asignado,1
5/27/2014,Credit Suisse,Asignado,1
5/28/2014,Credit Suisse,Asignado,1
5/29/2014,Credit Suisse,Asignado,1
5/30/2014,Credit Suisse,Asignado,1
5/31/2014,Credit Suisse,Asignado,1
6/1/14,Credit Suisse,Asignado,1
6/2/14,Credit Suisse,Asignado,1
6/3/14,Credit Suisse,Asignado,1
6/4/14,Credit Suisse,Asignado,1
6/5/14,Credit Suisse,Asignado,1
6/6/14,Credit Suisse,Asignado,1
6/7/14,Credit Suisse,Asignado,1
6/8/14,Credit Suisse,Asignado,1
6/9/14,Credit Suisse,Asignado,1
6/10/14,Credit Suisse,Asignado,1
6/11/14,Credit Suisse,Asignado,1
6/12/14,Credit Suisse,Asignado,1
6/13/2014,Credit Suisse,Asignado,1
6/14/2014,Credit Suisse,Asignado,1
6/15/2014,Credit Suisse,Asignado,1
6/16/2014,Credit Suisse,Asignado,1
6/17/2014,Credit Suisse,Asignado,1
6/18/2014,Credit Suisse,Asignado,1
6/19/2014,Credit Suisse,Asignado,1
6/20/2014,Credit Suisse,Asignado,1
6/21/2014,Credit Suisse,Asignado,1
6/22/2014,Credit Suisse,Asignado,1
6/23/2014,Credit Suisse,Asignado,1
6/24/2014,Credit Suisse,Asignado,1
6/25/2014,Credit Suisse,Asignado,1
6/26/2014,Credit Suisse,Asignado,1
6/27/2014,Credit Suisse,Asignado,1
6/28/2014,Credit Suisse,Asignado,1
6/29/2014,Credit Suisse,Asignado,1
6/30/2014,Credit Suisse,Asignado,1
7/1/14,Credit Suisse,Asignado,1
7/2/14,Credit Suisse,Asignado,1
7/3/14,Credit Suisse,Asignado,1
7/4/14,Credit Suisse,Asignado,1
7/5/14,Credit Suisse,Asignado,1
7/6/14,Credit Suisse,Asignado,1
7/7/14,Credit Suisse,Asignado,1
7/8/14,Credit Suisse,Asignado,1
7/9/14,Credit Suisse,Asignado,1
7/10/14,Credit Suisse,Asignado,1
7/11/14,Credit Suisse,Asignado,1
7/12/14,Credit Suisse,Asignado,1
7/13/2014,Credit Suisse,Asignado,1
7/14/2014,Credit Suisse,Asignado,1
7/15/2014,Credit Suisse,Asignado,1
7/16/2014,Credit Suisse,Asignado,1
7/17/2014,Credit Suisse,Asignado,1
7/18/2014,Credit Suisse,Asignado,1
7/19/2014,Credit Suisse,Asignado,1
7/20/2014,Credit Suisse,Asignado,1
7/21/2014,Credit Suisse,Asignado,1
7/22/2014,Credit Suisse,Asignado,1
7/23/2014,Credit Suisse,Asignado,1
7/24/2014,Credit Suisse,Asignado,1
7/25/2014,Credit Suisse,Asignado,1
7/26/2014,Credit Suisse,Asignado,1
7/27/2014,Credit Suisse,Asignado,1
7/28/2014,Credit Suisse,Asignado,1
7/29/2014,Credit Suisse,Asignado,1
7/30/2014,Credit Suisse,Asignado,1
7/31/2014,Credit Suisse,Asignado,1
8/1/14,Credit Suisse,Asignado,1
8/2/14,Credit Suisse,Asignado,1
8/3/14,Credit Suisse,Asignado,1
8/4/14,Credit Suisse,Asignado,1
8/5/14,Credit Suisse,Asignado,1
8/6/14,Credit Suisse,Asignado,1
8/7/14,Credit Suisse,Asignado,1
8/8/14,Credit Suisse,Asignado,1
8/9/14,Credit Suisse,Asignado,1
8/10/14,Credit Suisse,Asignado,1
8/11/14,Credit Suisse,Asignado,1
8/12/14,Credit Suisse,Asignado,1
8/13/2014,Credit Suisse,Asignado,1
8/14/2014,Credit Suisse,Asignado,1
8/15/2014,Credit Suisse,Asignado,1
8/16/2014,Credit Suisse,Asignado,1
8/17/2014,Credit Suisse,Asignado,1
8/18/2014,Credit Suisse,Asignado,1
8/19/2014,Credit Suisse,Asignado,1
8/20/2014,Credit Suisse,Asignado,1
8/21/2014,Credit Suisse,Asignado,1
8/22/2014,Credit Suisse,Asignado,1
8/23/2014,Credit Suisse,Asignado,1
8/24/2014,Credit Suisse,Asignado,1
8/25/2014,Credit Suisse,Asignado,1
8/26/2014,Credit Suisse,Asignado,1
8/27/2014,Credit Suisse,Asignado,1
8/28/2014,Credit Suisse,Asignado,1
8/29/2014,Credit Suisse,Asignado,1
8/30/2014,Credit Suisse,Asignado,1
8/31/2014,Credit Suisse,Asignado,1
9/1/14,Credit Suisse,Asignado,1
9/2/14,Credit Suisse,Asignado,1
9/3/14,Credit Suisse,Asignado,1
9/4/14,Credit Suisse,Asignado,1
9/5/14,Credit Suisse,Asignado,1
9/6/14,Credit Suisse,Asignado,1
9/7/14,Credit Suisse,Asignado,1
9/8/14,Credit Suisse,Asignado,1
9/9/14,Credit Suisse,Asignado,1
9/10/14,Credit Suisse,Asignado,1
9/11/14,Credit Suisse,Asignado,1
9/12/14,Credit Suisse,Asignado,1
9/13/2014,Credit Suisse,Asignado,1
9/14/2014,Credit Suisse,Asignado,1
9/15/2014,Credit Suisse,Asignado,1
9/16/2014,Credit Suisse,Asignado,1
9/17/2014,Credit Suisse,Asignado,1
9/18/2014,Credit Suisse,Asignado,1
9/19/2014,Credit Suisse,Asignado,1
9/20/2014,Credit Suisse,Asignado,1
9/21/2014,Credit Suisse,Asignado,1
9/22/2014,Credit Suisse,Asignado,1
9/23/2014,Credit Suisse,Asignado,1
9/24/2014,Credit Suisse,Asignado,1
9/25/2014,Credit Suisse,Asignado,1
9/26/2014,Credit Suisse,Asignado,1
9/27/2014,Credit Suisse,Asignado,1
9/28/2014,Credit Suisse,Asignado,1
9/29/2014,Credit Suisse,Asignado,1
9/30/2014,Credit Suisse,Asignado,1
10/1/14,Credit Suisse,Asignado,1
10/2/14,Credit Suisse,Asignado,1
10/3/14,Credit Suisse,Asignado,1
10/4/14,Credit Suisse,Asignado,1
10/5/14,Credit Suisse,Asignado,1
10/6/14,Credit Suisse,Asignado,1
10/7/14,Credit Suisse,Asignado,1
10/8/14,Credit Suisse,Asignado,1
10/9/14,Credit Suisse,Asignado,1
10/10/14,Credit Suisse,Asignado,1
10/11/14,Credit Suisse,Asignado,1
10/12/14,Credit Suisse,Asignado,1
10/13/2014,Credit Suisse,Asignado,1
10/14/2014,Credit Suisse,Asignado,1
10/15/2014,Credit Suisse,Asignado,1
10/16/2014,Credit Suisse,Asignado,1
10/17/2014,Credit Suisse,Asignado,1
10/18/2014,Credit Suisse,Asignado,1
10/19/2014,Credit Suisse,Asignado,1
10/20/2014,Credit Suisse,Asignado,1
10/21/2014,Credit Suisse,Asignado,1
10/22/2014,Credit Suisse,Asignado,1
10/23/2014,Credit Suisse,Asignado,1
10/24/2014,Credit Suisse,Asignado,1
10/25/2014,Credit Suisse,Asignado,1
10/26/2014,Credit Suisse,Asignado,1
10/27/2014,Credit Suisse,Asignado,1
10/28/2014,Credit Suisse,Asignado,1
10/29/2014,Credit Suisse,Asignado,1
10/30/2014,Credit Suisse,Asignado,1
10/31/2014,Credit Suisse,Asignado,1
11/1/14,Credit Suisse,Asignado,1
11/2/14,Credit Suisse,Asignado,1
11/3/14,Credit Suisse,Asignado,1
11/4/14,Credit Suisse,Asignado,1
11/5/14,Credit Suisse,Asignado,1
11/6/14,Credit Suisse,Asignado,1
11/7/14,Credit Suisse,Asignado,1
11/8/14,Credit Suisse,Asignado,1
11/9/14,Credit Suisse,Asignado,1
11/10/14,Credit Suisse,Asignado,1
11/11/14,Credit Suisse,Asignado,1
11/12/14,Credit Suisse,Asignado,1
11/13/2014,Credit Suisse,Asignado,1
11/14/2014,Credit Suisse,Asignado,1
11/15/2014,Credit Suisse,Asignado,1
11/16/2014,Credit Suisse,Asignado,1
11/17/2014,Credit Suisse,Asignado,1
11/18/2014,Credit Suisse,Asignado,1
11/19/2014,Credit Suisse,Asignado,1
11/20/2014,Credit Suisse,Asignado,1
11/21/2014,Credit Suisse,Asignado,1
11/22/2014,Credit Suisse,Asignado,1
11/23/2014,Credit Suisse,Asignado,1
11/24/2014,Credit Suisse,Asignado,1
11/25/2014,Credit Suisse,Asignado,1
11/26/2014,Credit Suisse,Asignado,1
11/27/2014,Credit Suisse,Asignado,1
11/28/2014,Credit Suisse,Asignado,1
11/29/2014,Credit Suisse,Asignado,1
11/30/2014,Credit Suisse,Asignado,1
12/1/14,Credit Suisse,Asignado,1
12/2/14,Credit Suisse,Asignado,1
12/3/14,Credit Suisse,Asignado,1
12/4/14,Credit Suisse,Asignado,1
12/5/14,Credit Suisse,Asignado,1
12/6/14,Credit Suisse,Asignado,1
12/7/14,Credit Suisse,Asignado,1
12/8/14,Credit Suisse,Asignado,1
12/9/14,Credit Suisse,Asignado,1
12/10/14,Credit Suisse,Asignado,1
12/11/14,Credit Suisse,Asignado,1
12/12/14,Credit Suisse,Asignado,1
12/13/2014,Credit Suisse,Asignado,1
12/14/2014,Credit Suisse,Asignado,1
12/15/2014,Anuncio Salida,Exit,5
12/16/2014,Credit Suisse,Desempleo,3
12/17/2014,Credit Suisse,Desempleo,3
12/18/2014,Credit Suisse,Desempleo,3
12/19/2014,Credit Suisse,Desempleo,3
12/20/2014,Credit Suisse,Desempleo,3
12/21/2014,Credit Suisse,Desempleo,3
12/22/2014,Credit Suisse,Desempleo,3
12/23/2014,Credit Suisse,Desempleo,3
12/24/2014,Credit Suisse,Desempleo,3
12/25/2014,Credit Suisse,Desempleo,3
12/26/2014,Credit Suisse,Desempleo,3
12/27/2014,Credit Suisse,Desempleo,3
12/28/2014,Credit Suisse,Desempleo,3
12/29/2014,Credit Suisse,Desempleo,3
12/30/2014,Credit Suisse,Desempleo,3
12/31/2014,Credit Suisse,Desempleo,3
1/1/15,Credit Suisse,Desempleo,3
1/2/15,Credit Suisse,Desempleo,3
1/3/15,Credit Suisse,Desempleo,3
1/4/15,Credit Suisse,Desempleo,3
1/5/15,Credit Suisse,Desempleo,3
1/6/15,Credit Suisse,Desempleo,3
1/7/15,Credit Suisse,Desempleo,3
1/8/15,Credit Suisse,Desempleo,3
1/9/15,Credit Suisse,Desempleo,3
1/10/15,Credit Suisse,Desempleo,3
1/11/15,Credit Suisse,Desempleo,3
1/12/15,Credit Suisse,Desempleo,3
1/13/2015,Credit Suisse,Desempleo,3
1/14/2015,Credit Suisse,Desempleo,3
1/15/2015,Credit Suisse,Desempleo,3
1/16/2015,Credit Suisse,Desempleo,3
1/17/2015,Credit Suisse,Desempleo,3
1/18/2015,Credit Suisse,Desempleo,3
1/19/2015,Entrada a Globant,Asignación,2
1/20/2015,Credit Suisse,Asignado,1
1/21/2015,Credit Suisse,Asignado,1
1/22/2015,Credit Suisse,Asignado,1
1/23/2015,Credit Suisse,Asignado,1
1/24/2015,Credit Suisse,Asignado,1
1/25/2015,Credit Suisse,Asignado,1
1/26/2015,Credit Suisse,Asignado,1
1/27/2015,Credit Suisse,Asignado,1
1/28/2015,Credit Suisse,Asignado,1
1/29/2015,Credit Suisse,Asignado,1
1/30/2015,Credit Suisse,Asignado,1
1/31/2015,Credit Suisse,Asignado,1
2/1/15,Credit Suisse,Asignado,1
2/2/15,Credit Suisse,Asignado,1
2/3/15,Credit Suisse,Asignado,1
2/4/15,Credit Suisse,Asignado,1
2/5/15,Credit Suisse,Asignado,1
2/6/15,Credit Suisse,Asignado,1
2/7/15,Credit Suisse,Asignado,1
2/8/15,Credit Suisse,Asignado,1
2/9/15,Credit Suisse,Asignado,1
2/10/15,Credit Suisse,Asignado,1
2/11/15,Credit Suisse,Asignado,1
2/12/15,Credit Suisse,Asignado,1
2/13/2015,Credit Suisse,Asignado,1
2/14/2015,Credit Suisse,Asignado,1
2/15/2015,Credit Suisse,Asignado,1
2/16/2015,Credit Suisse,Asignado,1
2/17/2015,Credit Suisse,Asignado,1
2/18/2015,Credit Suisse,Asignado,1
2/19/2015,Credit Suisse,Asignado,1
2/20/2015,Credit Suisse,Asignado,1
2/21/2015,Credit Suisse,Asignado,1
2/22/2015,Credit Suisse,Asignado,1
2/23/2015,Credit Suisse,Asignado,1
2/24/2015,Credit Suisse,Asignado,1
2/25/2015,Credit Suisse,Asignado,1
2/26/2015,Credit Suisse,Asignado,1
2/27/2015,Credit Suisse,Asignado,1
2/28/2015,Credit Suisse,Asignado,1
3/1/15,Credit Suisse,Asignado,1
3/2/15,Credit Suisse,Asignado,1
3/3/15,Credit Suisse,Asignado,1
3/4/15,Credit Suisse,Asignado,1
3/5/15,Credit Suisse,Asignado,1
3/6/15,Credit Suisse,Asignado,1
3/7/15,Credit Suisse,Asignado,1
3/8/15,Credit Suisse,Asignado,1
3/9/15,Credit Suisse,Asignado,1
3/10/15,Credit Suisse,Asignado,1
3/11/15,Credit Suisse,Asignado,1
3/12/15,Credit Suisse,Asignado,1
3/13/2015,Credit Suisse,Asignado,1
3/14/2015,Credit Suisse,Asignado,1
3/15/2015,Credit Suisse,Asignado,1
3/16/2015,Credit Suisse,Asignado,1
3/17/2015,Credit Suisse,Asignado,1
3/18/2015,Credit Suisse,Asignado,1
3/19/2015,Credit Suisse,Asignado,1
3/20/2015,Credit Suisse,Asignado,1
3/21/2015,Credit Suisse,Asignado,1
3/22/2015,Credit Suisse,Asignado,1
3/23/2015,Credit Suisse,Asignado,1
3/24/2015,Credit Suisse,Asignado,1
3/25/2015,Credit Suisse,Asignado,1
3/26/2015,Credit Suisse,Asignado,1
3/27/2015,Credit Suisse,Asignado,1
3/28/2015,Credit Suisse,Asignado,1
3/29/2015,Credit Suisse,Asignado,1
3/30/2015,Credit Suisse,Asignado,1
3/31/2015,Credit Suisse,Asignado,1
4/1/15,Credit Suisse,Asignado,1
4/2/15,Credit Suisse,Asignado,1
4/3/15,Credit Suisse,Asignado,1
4/4/15,Credit Suisse,Asignado,1
4/5/15,Credit Suisse,Asignado,1
4/6/15,Credit Suisse,Asignado,1
4/7/15,Credit Suisse,Asignado,1
4/8/15,Credit Suisse,Asignado,1
4/9/15,Credit Suisse,Asignado,1
4/10/15,Credit Suisse,Asignado,1
4/11/15,Credit Suisse,Asignado,1
4/12/15,Credit Suisse,Asignado,1
4/13/2015,Credit Suisse,Asignado,1
4/14/2015,Credit Suisse,Asignado,1
4/15/2015,Credit Suisse,Asignado,1
4/16/2015,Credit Suisse,Asignado,1
4/17/2015,Credit Suisse,Asignado,1
4/18/2015,Credit Suisse,Asignado,1
4/19/2015,Credit Suisse,Asignado,1
4/20/2015,Credit Suisse,Asignado,1
4/21/2015,Credit Suisse,Asignado,1
4/22/2015,Credit Suisse,Asignado,1
4/23/2015,Credit Suisse,Asignado,1
4/24/2015,Credit Suisse,Asignado,1
4/25/2015,Credit Suisse,Asignado,1
4/26/2015,Credit Suisse,Asignado,1
4/27/2015,Credit Suisse,Asignado,1
4/28/2015,Credit Suisse,Asignado,1
4/29/2015,Credit Suisse,Asignado,1
4/30/2015,Credit Suisse,Asignado,1
5/1/15,Credit Suisse,Asignado,1
5/2/15,Credit Suisse,Asignado,1
5/3/15,Credit Suisse,Asignado,1
5/4/15,Credit Suisse,Asignado,1
5/5/15,Credit Suisse,Asignado,1
5/6/15,Credit Suisse,Asignado,1
5/7/15,Credit Suisse,Asignado,1
5/8/15,Credit Suisse,Asignado,1
5/9/15,Credit Suisse,Asignado,1
5/10/15,Credit Suisse,Asignado,1
5/11/15,Credit Suisse,Asignado,1
5/12/15,Credit Suisse,Asignado,1
5/13/2015,Credit Suisse,Asignado,1
5/14/2015,Credit Suisse,Asignado,1
5/15/2015,Credit Suisse,Asignado,1
5/16/2015,Credit Suisse,Asignado,1
5/17/2015,Credit Suisse,Asignado,1
5/18/2015,Credit Suisse,Asignado,1
5/19/2015,Credit Suisse,Asignado,1
5/20/2015,Credit Suisse,Asignado,1
5/21/2015,Credit Suisse,Asignado,1
5/22/2015,Credit Suisse,Asignado,1
5/23/2015,Credit Suisse,Asignado,1
5/24/2015,Credit Suisse,Asignado,1
5/25/2015,Credit Suisse,Asignado,1
5/26/2015,Credit Suisse,Asignado,1
5/27/2015,Credit Suisse,Asignado,1
5/28/2015,Credit Suisse,Asignado,1
5/29/2015,Credit Suisse,Asignado,1
5/30/2015,Credit Suisse,Asignado,1
5/31/2015,Credit Suisse,Asignado,1
6/1/15,Credit Suisse,Asignado,1
6/2/15,Credit Suisse,Asignado,1
6/3/15,Credit Suisse,Asignado,1
6/4/15,Credit Suisse,Asignado,1
6/5/15,Credit Suisse,Asignado,1
6/6/15,Credit Suisse,Asignado,1
6/7/15,Credit Suisse,Asignado,1
6/8/15,Credit Suisse,Asignado,1
6/9/15,Credit Suisse,Asignado,1
6/10/15,Credit Suisse,Asignado,1
6/11/15,Credit Suisse,Asignado,1
6/12/15,Credit Suisse,Asignado,1
6/13/2015,Credit Suisse,Asignado,1
6/14/2015,Credit Suisse,Asignado,1
6/15/2015,Credit Suisse,Asignado,1
6/16/2015,Credit Suisse,Asignado,1
6/17/2015,Credit Suisse,Asignado,1
6/18/2015,Credit Suisse,Asignado,1
6/19/2015,Credit Suisse,Asignado,1
6/20/2015,Credit Suisse,Asignado,1
6/21/2015,Credit Suisse,Asignado,1
6/22/2015,Credit Suisse,Asignado,1
6/23/2015,Credit Suisse,Asignado,1
6/24/2015,Credit Suisse,Asignado,1
6/25/2015,Credit Suisse,Asignado,1
6/26/2015,Credit Suisse,Asignado,1
6/27/2015,Credit Suisse,Asignado,1
6/28/2015,Credit Suisse,Asignado,1
6/29/2015,Credit Suisse,Asignado,1
6/30/2015,Credit Suisse,Asignado,1
7/1/15,Credit Suisse,Asignado,1
7/2/15,Credit Suisse,Asignado,1
7/3/15,Credit Suisse,Asignado,1
7/4/15,Credit Suisse,Asignado,1
7/5/15,Credit Suisse,Asignado,1
7/6/15,Credit Suisse,Asignado,1
7/7/15,Credit Suisse,Asignado,1
7/8/15,Credit Suisse,Asignado,1
7/9/15,Credit Suisse,Asignado,1
7/10/15,Credit Suisse,Asignado,1
7/11/15,Credit Suisse,Asignado,1
7/12/15,Credit Suisse,Asignado,1
7/13/2015,Credit Suisse,Asignado,1
7/14/2015,Credit Suisse,Asignado,1
7/15/2015,Credit Suisse,Asignado,1
7/16/2015,Credit Suisse,Asignado,1
7/17/2015,Credit Suisse,Asignado,1
7/18/2015,Credit Suisse,Asignado,1
7/19/2015,Credit Suisse,Asignado,1
7/20/2015,Credit Suisse,Asignado,1
7/21/2015,Credit Suisse,Asignado,1
7/22/2015,Credit Suisse,Asignado,1
7/23/2015,Credit Suisse,Asignado,1
7/24/2015,Credit Suisse,Asignado,1
7/25/2015,Credit Suisse,Asignado,1
7/26/2015,Credit Suisse,Asignado,1
7/27/2015,Credit Suisse,Asignado,1
7/28/2015,Credit Suisse,Asignado,1
7/29/2015,Credit Suisse,Asignado,1
7/30/2015,Credit Suisse,Asignado,1
7/31/2015,Credit Suisse,Asignado,1
8/1/15,Credit Suisse,Asignado,1
8/2/15,Credit Suisse,Asignado,1
8/3/15,Credit Suisse,Asignado,1
8/4/15,Credit Suisse,Asignado,1
8/5/15,Credit Suisse,Asignado,1
8/6/15,Credit Suisse,Asignado,1
8/7/15,Credit Suisse,Asignado,1
8/8/15,Credit Suisse,Asignado,1
8/9/15,Credit Suisse,Asignado,1
8/10/15,Credit Suisse,Asignado,1
8/11/15,Credit Suisse,Asignado,1
8/12/15,Credit Suisse,Asignado,1
8/13/2015,Credit Suisse,Asignado,1
8/14/2015,Credit Suisse,Asignado,1
8/15/2015,Credit Suisse,Asignado,1
8/16/2015,Credit Suisse,Asignado,1
8/17/2015,Credit Suisse,Asignado,1
8/18/2015,Credit Suisse,Asignado,1
8/19/2015,Credit Suisse,Asignado,1
8/20/2015,Credit Suisse,Asignado,1
8/21/2015,Credit Suisse,Asignado,1
8/22/2015,Credit Suisse,Asignado,1
8/23/2015,Credit Suisse,Asignado,1
8/24/2015,Credit Suisse,Asignado,1
8/25/2015,Credit Suisse,Asignado,1
8/26/2015,Credit Suisse,Asignado,1
8/27/2015,Credit Suisse,Asignado,1
8/28/2015,Credit Suisse,Asignado,1
8/29/2015,Credit Suisse,Asignado,1
8/30/2015,Credit Suisse,Asignado,1
8/31/2015,Venta Banca Privada,Exit,5
9/1/15,Talent Pool,Talent Pool,1
9/2/15,Talent Pool,Talent Pool,1
9/3/15,Talent Pool,Talent Pool,1
9/4/15,Talent Pool,Talent Pool,1
9/5/15,Talent Pool,Talent Pool,1
9/6/15,Talent Pool,Talent Pool,1
9/7/15,Talent Pool,Talent Pool,1
9/8/15,Talent Pool,Talent Pool,1
9/9/15,Talent Pool,Talent Pool,1
9/10/15,Talent Pool,Talent Pool,1
9/11/15,Talent Pool,Talent Pool,1
9/12/15,Talent Pool,Talent Pool,1
9/13/2015,Talent Pool,Talent Pool,1
9/14/2015,Talent Pool,Talent Pool,1
9/15/2015,Talent Pool,Talent Pool,1
9/16/2015,Talent Pool,Talent Pool,1
9/17/2015,Talent Pool,Talent Pool,1
9/18/2015,Talent Pool,Talent Pool,1
9/19/2015,Talent Pool,Talent Pool,1
9/20/2015,Talent Pool,Talent Pool,1
9/21/2015,Talent Pool,Talent Pool,1
9/22/2015,Talent Pool,Talent Pool,1
9/23/2015,Talent Pool,Talent Pool,1
9/24/2015,Talent Pool,Talent Pool,1
9/25/2015,Talent Pool,Talent Pool,1
9/26/2015,Talent Pool,Talent Pool,1
9/27/2015,Talent Pool,Talent Pool,1
9/28/2015,Talent Pool,Talent Pool,1
9/29/2015,Talent Pool,Talent Pool,1
9/30/2015,Talent Pool,Talent Pool,1
10/1/15,Talent Pool,Talent Pool,1
10/2/15,Talent Pool,Talent Pool,1
10/3/15,Talent Pool,Talent Pool,1
10/4/15,Talent Pool,Talent Pool,1
10/5/15,Talent Pool,Talent Pool,1
10/6/15,Talent Pool,Talent Pool,1
10/7/15,Talent Pool,Talent Pool,1
10/8/15,Talent Pool,Talent Pool,1
10/9/15,Talent Pool,Talent Pool,1
10/10/15,Talent Pool,Talent Pool,1
10/11/15,Talent Pool,Talent Pool,1
10/12/15,Talent Pool,Talent Pool,1
10/13/2015,Talent Pool,Talent Pool,1
10/14/2015,Talent Pool,Talent Pool,1
10/15/2015,Talent Pool,Talent Pool,1
10/16/2015,Talent Pool,Talent Pool,1
10/17/2015,Talent Pool,Talent Pool,1
10/18/2015,Talent Pool,Talent Pool,1
10/19/2015,Talent Pool,Talent Pool,1
10/20/2015,Talent Pool,Talent Pool,1
10/21/2015,Talent Pool,Talent Pool,1
10/22/2015,Talent Pool,Talent Pool,1
10/23/2015,Talent Pool,Talent Pool,1
10/24/2015,Talent Pool,Talent Pool,1
10/25/2015,Talent Pool,Talent Pool,1
10/26/2015,Talent Pool,Talent Pool,1
10/27/2015,Talent Pool,Talent Pool,1
10/28/2015,Talent Pool,Talent Pool,1
10/29/2015,Talent Pool,Talent Pool,1
10/30/2015,Talent Pool,Talent Pool,1
10/31/2015,Talent Pool,Talent Pool,1
11/1/15,Talent Pool,Talent Pool,1
11/2/15,Talent Pool,Talent Pool,1
11/3/15,Talent Pool,Talent Pool,1
11/4/15,Talent Pool,Talent Pool,1
11/5/15,Talent Pool,Talent Pool,1
11/6/15,Talent Pool,Talent Pool,1
11/7/15,Talent Pool,Talent Pool,1
11/8/15,Talent Pool,Talent Pool,1
11/9/15,Talent Pool,Talent Pool,1
11/10/15,Talent Pool,Talent Pool,1
11/11/15,Talent Pool,Talent Pool,1
11/12/15,Talent Pool,Talent Pool,1
11/13/2015,Talent Pool,Talent Pool,1
11/14/2015,Talent Pool,Talent Pool,1
11/15/2015,Talent Pool,Talent Pool,1
11/16/2015,Club de Preventa,Día Clave,4
11/17/2015,Talent Pool,Talent Pool,1
11/18/2015,Talent Pool,Talent Pool,1
11/19/2015,Talent Pool,Talent Pool,1
11/20/2015,Talent Pool,Talent Pool,1
11/21/2015,Talent Pool,Talent Pool,1
11/22/2015,Talent Pool,Talent Pool,1
11/23/2015,Talent Pool,Talent Pool,1
11/24/2015,Talent Pool,Talent Pool,1
11/25/2015,Talent Pool,Talent Pool,1
11/26/2015,Talent Pool,Talent Pool,1
11/27/2015,Talent Pool,Talent Pool,1
11/28/2015,Talent Pool,Talent Pool,1
11/29/2015,Talent Pool,Talent Pool,1
11/30/2015,Talent Pool,Talent Pool,1
12/1/15,Talent Pool,Talent Pool,1
12/2/15,Talent Pool,Talent Pool,1
12/3/15,Talent Pool,Talent Pool,1
12/4/15,Talent Pool,Talent Pool,1
12/5/15,Talent Pool,Talent Pool,1
12/6/15,Primer PA,Día Clave,4
12/7/15,Talent Pool,Talent Pool,1
12/8/15,Talent Pool,Talent Pool,1
12/9/15,Talent Pool,Talent Pool,1
12/10/15,Talent Pool,Talent Pool,1
12/11/15,Talent Pool,Talent Pool,1
12/12/15,Talent Pool,Talent Pool,1
12/13/2015,Talent Pool,Talent Pool,1
12/14/2015,Cambio de Studio,Día Clave,4
12/15/2015,Talent Pool,Talent Pool,1
12/16/2015,Talent Pool,Talent Pool,1
12/17/2015,Talent Pool,Talent Pool,1
12/18/2015,Talent Pool,Talent Pool,1
12/19/2015,Talent Pool,Talent Pool,1
12/20/2015,Talent Pool,Talent Pool,1
12/21/2015,Talent Pool,Talent Pool,1
12/22/2015,Talent Pool,Talent Pool,1
12/23/2015,Talent Pool,Talent Pool,1
12/24/2015,Talent Pool,Talent Pool,1
12/25/2015,Talent Pool,Talent Pool,1
12/26/2015,Talent Pool,Talent Pool,1
12/27/2015,Talent Pool,Talent Pool,1
12/28/2015,Talent Pool,Talent Pool,1
12/29/2015,Talent Pool,Talent Pool,1
12/30/2015,Talent Pool,Talent Pool,1
12/31/2015,Talent Pool,Talent Pool,1
1/1/16,Talent Pool,Talent Pool,1
1/2/16,Talent Pool,Talent Pool,1
1/3/16,Talent Pool,Talent Pool,1
1/4/16,Asignaciòn OpenBank,Asignado,1
1/5/16,Asignaciòn OpenBank,Asignado,1
1/6/16,Asignaciòn OpenBank,Asignado,1
1/7/16,Asignaciòn OpenBank,Asignado,1
1/8/16,Asignaciòn OpenBank,Asignado,1
1/9/16,Asignaciòn OpenBank,Asignado,1
1/10/16,Asignaciòn OpenBank,Asignado,1
1/11/16,Asignaciòn OpenBank,Asignado,1
1/12/16,Asignaciòn OpenBank,Asignado,1
1/13/2016,Asignaciòn OpenBank,Asignado,1
1/14/2016,Asignaciòn OpenBank,Asignado,1
1/15/2016,Asignaciòn OpenBank,Asignado,1
1/16/2016,Asignaciòn OpenBank,Asignado,1
1/17/2016,Asignaciòn OpenBank,Asignado,1
1/18/2016,Asignaciòn OpenBank,Asignado,1
1/19/2016,Asignaciòn OpenBank,Asignado,1
1/20/2016,Asignaciòn OpenBank,Asignado,1
1/21/2016,Asignaciòn OpenBank,Asignado,1
1/22/2016,Asignaciòn OpenBank,Asignado,1
1/23/2016,Asignaciòn OpenBank,Asignado,1
1/24/2016,Asignaciòn OpenBank,Asignado,1
1/25/2016,Asignaciòn OpenBank,Asignado,1
1/26/2016,Asignaciòn OpenBank,Asignado,1
1/27/2016,Asignaciòn OpenBank,Asignado,1
1/28/2016,Asignaciòn OpenBank,Asignado,1
1/29/2016,Asignaciòn OpenBank,Asignado,1
1/30/2016,Asignaciòn OpenBank,Asignado,1
1/31/2016,Asignaciòn OpenBank,Asignado,1
2/1/16,Asignaciòn OpenBank,Asignado,1
2/2/16,Asignaciòn OpenBank,Asignado,1
2/3/16,Asignaciòn OpenBank,Asignado,1
2/4/16,Asignaciòn OpenBank,Asignado,1
2/5/16,Asignaciòn OpenBank,Asignado,1
2/6/16,Asignaciòn OpenBank,Asignado,1
2/7/16,Asignaciòn OpenBank,Asignado,1
2/8/16,Asignaciòn OpenBank,Asignado,1
2/9/16,Asignaciòn OpenBank,Asignado,1
2/10/16,Asignaciòn OpenBank,Asignado,1
2/11/16,Asignaciòn OpenBank,Asignado,1
2/12/16,Asignaciòn OpenBank,Asignado,1
2/13/2016,Asignaciòn OpenBank,Asignado,1
2/14/2016,Asignaciòn OpenBank,Asignado,1
2/15/2016,Asignaciòn OpenBank,Asignado,1
2/16/2016,Asignaciòn OpenBank,Asignado,1
2/17/2016,Asignaciòn OpenBank,Asignado,1
2/18/2016,Asignaciòn OpenBank,Asignado,1
2/19/2016,Asignaciòn OpenBank,Asignado,1
2/20/2016,Asignaciòn OpenBank,Asignado,1
2/21/2016,Asignaciòn OpenBank,Asignado,1
2/22/2016,Asignaciòn OpenBank,Asignado,1
2/23/2016,Asignaciòn OpenBank,Asignado,1
2/24/2016,Asignaciòn OpenBank,Asignado,1
2/25/2016,Asignaciòn OpenBank,Asignado,1
2/26/2016,Asignaciòn OpenBank,Asignado,1
2/27/2016,Asignaciòn OpenBank,Asignado,1
2/28/2016,Asignaciòn OpenBank,Asignado,1
2/29/2016,Asignaciòn OpenBank,Asignado,1
3/1/16,Asignaciòn OpenBank,Asignado,1
3/2/16,Asignaciòn OpenBank,Asignado,1
3/3/16,Asignaciòn OpenBank,Asignado,1
3/4/16,Asignaciòn OpenBank,Asignado,1
3/5/16,Asignaciòn OpenBank,Asignado,1
3/6/16,Asignaciòn OpenBank,Asignado,1
3/7/16,Asignaciòn OpenBank,Asignado,1
3/8/16,Asignaciòn OpenBank,Asignado,1
3/9/16,Asignaciòn OpenBank,Asignado,1
3/10/16,Asignaciòn OpenBank,Asignado,1
3/11/16,Asignaciòn OpenBank,Asignado,1
3/12/16,Asignaciòn OpenBank,Asignado,1
3/13/2016,Asignaciòn OpenBank,Asignado,1
3/14/2016,Asignaciòn OpenBank,Asignado,1
3/15/2016,Asignaciòn OpenBank,Asignado,1
3/16/2016,Asignaciòn OpenBank,Asignado,1
3/17/2016,Asignaciòn OpenBank,Asignado,1
3/18/2016,Asignaciòn OpenBank,Asignado,1
3/19/2016,Asignaciòn OpenBank,Asignado,1
3/20/2016,Asignaciòn OpenBank,Asignado,1
3/21/2016,Asignaciòn OpenBank,Asignado,1
3/22/2016,Asignaciòn OpenBank,Asignado,1
3/23/2016,Asignaciòn OpenBank,Asignado,1
3/24/2016,Asignaciòn OpenBank,Asignado,1
3/25/2016,Asignaciòn OpenBank,Asignado,1
3/26/2016,Asignaciòn OpenBank,Asignado,1
3/27/2016,Asignaciòn OpenBank,Asignado,1
3/28/2016,Asignaciòn OpenBank,Asignado,1
3/29/2016,Asignaciòn OpenBank,Asignado,1
3/30/2016,Asignaciòn OpenBank,Asignado,1
3/31/2016,Asignaciòn OpenBank,Asignado,1
4/1/16,Asignaciòn OpenBank,Asignado,1
4/2/16,Asignaciòn OpenBank,Asignado,1
4/3/16,Asignaciòn OpenBank,Asignado,1
4/4/16,Asignaciòn OpenBank,Asignado,1
4/5/16,Asignaciòn OpenBank,Asignado,1
4/6/16,Asignaciòn OpenBank,Asignado,1
4/7/16,Asignaciòn OpenBank,Asignado,1
4/8/16,Asignaciòn OpenBank,Asignado,1
4/9/16,Asignaciòn OpenBank,Asignado,1
4/10/16,Asignaciòn OpenBank,Asignado,1
4/11/16,Asignaciòn OpenBank,Asignado,1
4/12/16,Asignaciòn OpenBank,Asignado,1
4/13/2016,Asignaciòn OpenBank,Asignado,1
4/14/2016,Asignaciòn OpenBank,Asignado,1
4/15/2016,Asignaciòn OpenBank,Asignado,1
4/16/2016,Asignaciòn OpenBank,Asignado,1
4/17/2016,Asignaciòn OpenBank,Asignado,1
4/18/2016,Asignaciòn OpenBank,Asignado,1
4/19/2016,Asignaciòn OpenBank,Asignado,1
4/20/2016,Asignaciòn OpenBank,Asignado,1
4/21/2016,Asignaciòn OpenBank,Asignado,1
4/22/2016,Asignaciòn OpenBank,Asignado,1
4/23/2016,Asignaciòn OpenBank,Asignado,1
4/24/2016,Asignaciòn OpenBank,Asignado,1
4/25/2016,Asignaciòn OpenBank,Asignado,1
4/26/2016,Asignaciòn OpenBank,Asignado,1
4/27/2016,Asignaciòn OpenBank,Asignado,1
4/28/2016,Asignaciòn OpenBank,Asignado,1
4/29/2016,Asignaciòn OpenBank,Asignado,1
4/30/2016,Asignaciòn OpenBank,Asignado,1
5/1/16,Asignaciòn OpenBank,Asignado,1
5/2/16,Asignaciòn OpenBank,Asignado,1
5/3/16,Asignaciòn OpenBank,Asignado,1
5/4/16,Asignaciòn OpenBank,Asignado,1
5/5/16,Asignaciòn OpenBank,Asignado,1
5/6/16,Asignaciòn OpenBank,Asignado,1
5/7/16,Asignaciòn OpenBank,Asignado,1
5/8/16,Asignaciòn OpenBank,Asignado,1
5/9/16,Asignaciòn OpenBank,Asignado,1
5/10/16,Asignaciòn OpenBank,Asignado,1
5/11/16,Asignaciòn OpenBank,Asignado,1
5/12/16,Asignaciòn OpenBank,Asignado,1
5/13/2016,Asignaciòn OpenBank,Asignado,1
5/14/2016,Asignaciòn OpenBank,Asignado,1
5/15/2016,Asignaciòn OpenBank,Asignado,1
5/16/2016,Asignaciòn OpenBank,Asignado,1
5/17/2016,Asignaciòn OpenBank,Asignado,1
5/18/2016,Asignaciòn OpenBank,Asignado,1
5/19/2016,Asignaciòn OpenBank,Asignado,1
5/20/2016,Asignaciòn OpenBank,Asignado,1
5/21/2016,Asignaciòn OpenBank,Asignado,1
5/22/2016,Asignaciòn OpenBank,Asignado,1
5/23/2016,Asignaciòn OpenBank,Asignado,1
5/24/2016,Asignaciòn OpenBank,Asignado,1
5/25/2016,Asignaciòn OpenBank,Asignado,1
5/26/2016,Charla con Andy Eyherabide,Día Clave,4
5/27/2016,Asignaciòn OpenBank,Asignado,1
5/28/2016,Asignaciòn OpenBank,Asignado,1
5/29/2016,Asignaciòn OpenBank,Asignado,1
5/30/2016,Asignaciòn OpenBank,Asignado,1
5/31/2016,Asignaciòn OpenBank,Asignado,1
6/1/16,Asignaciòn OpenBank,Asignado,1
6/2/16,Asignaciòn OpenBank,Asignado,1
6/3/16,Asignaciòn OpenBank,Asignado,1
6/4/16,Asignaciòn OpenBank,Asignado,1
6/5/16,Asignaciòn OpenBank,Asignado,1
6/6/16,Asignaciòn OpenBank,Asignado,1
6/7/16,Asignaciòn OpenBank,Asignado,1
6/8/16,Asignaciòn OpenBank,Asignado,1
6/9/16,Asignaciòn OpenBank,Asignado,1
6/10/16,Asignaciòn OpenBank,Asignado,1
6/11/16,Asignaciòn OpenBank,Asignado,1
6/12/16,Asignaciòn OpenBank,Asignado,1
6/13/2016,Asignaciòn OpenBank,Asignado,1
6/14/2016,Asignaciòn OpenBank,Asignado,1
6/15/2016,Asignaciòn OpenBank,Asignado,1
6/16/2016,Asignaciòn OpenBank,Asignado,1
6/17/2016,Asignaciòn OpenBank,Asignado,1
6/18/2016,Asignaciòn OpenBank,Asignado,1
6/19/2016,Asignaciòn OpenBank,Asignado,1
6/20/2016,Asignaciòn OpenBank,Asignado,1
6/21/2016,Asignaciòn OpenBank,Asignado,1
6/22/2016,Asignaciòn OpenBank,Asignado,1
6/23/2016,Asignaciòn OpenBank,Asignado,1
6/24/2016,Asignaciòn OpenBank,Asignado,1
6/25/2016,Asignaciòn OpenBank,Asignado,1
6/26/2016,Asignaciòn OpenBank,Asignado,1
6/27/2016,Asignaciòn OpenBank,Asignado,1
6/28/2016,Asignaciòn OpenBank,Asignado,1
6/29/2016,Asignaciòn OpenBank,Asignado,1
6/30/2016,Asignaciòn OpenBank,Asignado,1
7/1/16,Asignaciòn OpenBank,Asignado,1
7/2/16,Asignaciòn OpenBank,Asignado,1
7/3/16,Asignaciòn OpenBank,Asignado,1
7/4/16,Asignaciòn OpenBank,Asignado,1
7/5/16,Asignaciòn OpenBank,Asignado,1
7/6/16,Asignaciòn OpenBank,Asignado,1
7/7/16,Asignaciòn OpenBank,Asignado,1
7/8/16,Asignaciòn OpenBank,Asignado,1
7/9/16,Asignaciòn OpenBank,Asignado,1
7/10/16,Asignaciòn OpenBank,Asignado,1
7/11/16,Asignaciòn OpenBank,Asignado,1
7/12/16,Asignaciòn OpenBank,Asignado,1
7/13/2016,Asignaciòn OpenBank,Asignado,1
7/14/2016,Asignaciòn OpenBank,Asignado,1
7/15/2016,Asignaciòn OpenBank,Asignado,1
7/16/2016,Asignaciòn OpenBank,Asignado,1
7/17/2016,Asignaciòn OpenBank,Asignado,1
7/18/2016,Asignaciòn OpenBank,Asignado,1
7/19/2016,Asignaciòn OpenBank,Asignado,1
7/20/2016,Asignaciòn OpenBank,Asignado,1
7/21/2016,Asignaciòn OpenBank,Asignado,1
7/22/2016,Asignaciòn OpenBank,Asignado,1
7/23/2016,Asignaciòn OpenBank,Asignado,1
7/24/2016,Asignaciòn OpenBank,Asignado,1
7/25/2016,Asignaciòn OpenBank,Asignado,1
7/26/2016,Asignaciòn OpenBank,Asignado,1
7/27/2016,Asignaciòn OpenBank,Asignado,1
7/28/2016,Asignaciòn OpenBank,Asignado,1
7/29/2016,Asignaciòn OpenBank,Asignado,1
7/30/2016,Asignaciòn OpenBank,Asignado,1
7/31/2016,Asignaciòn OpenBank,Asignado,1
8/1/16,Asignaciòn OpenBank,Asignado,1
8/2/16,Asignaciòn OpenBank,Asignado,1
8/3/16,Asignaciòn OpenBank,Asignado,1
8/4/16,Asignaciòn OpenBank,Asignado,1
8/5/16,Asignaciòn OpenBank,Asignado,1
8/6/16,Asignaciòn OpenBank,Asignado,1
8/7/16,Asignaciòn OpenBank,Asignado,1
8/8/16,Asignaciòn OpenBank,Asignado,1
8/9/16,Asignaciòn OpenBank,Asignado,1
8/10/16,Asignaciòn OpenBank,Asignado,1
8/11/16,Asignaciòn OpenBank,Asignado,1
8/12/16,Asignaciòn OpenBank,Asignado,1
8/13/2016,Asignaciòn OpenBank,Asignado,1
8/14/2016,Asignaciòn OpenBank,Asignado,1
8/15/2016,Asignaciòn OpenBank,Asignado,1
8/16/2016,Asignaciòn OpenBank,Asignado,1
8/17/2016,Asignaciòn OpenBank,Asignado,1
8/18/2016,Asignaciòn OpenBank,Asignado,1
8/19/2016,Asignaciòn OpenBank,Asignado,1
8/20/2016,Asignaciòn OpenBank,Asignado,1
8/21/2016,Asignaciòn OpenBank,Asignado,1
8/22/2016,Asignaciòn OpenBank,Asignado,1
8/23/2016,Asignaciòn OpenBank,Asignado,1
8/24/2016,Asignaciòn OpenBank,Asignado,1
8/25/2016,Asignaciòn OpenBank,Asignado,1
8/26/2016,Asignaciòn OpenBank,Asignado,1
8/27/2016,Asignaciòn OpenBank,Asignado,1
8/28/2016,Asignaciòn OpenBank,Asignado,1
8/29/2016,Asignaciòn OpenBank,Asignado,1
8/30/2016,Asignaciòn OpenBank,Asignado,1
8/31/2016,Asignaciòn OpenBank,Asignado,1
9/1/16,Asignaciòn OpenBank,Asignado,1
9/2/16,Asignaciòn OpenBank,Asignado,1
9/3/16,Asignaciòn OpenBank,Asignado,1
9/4/16,Asignaciòn OpenBank,Asignado,1
9/5/16,Asignaciòn OpenBank,Asignado,1
9/6/16,Asignaciòn OpenBank,Asignado,1
9/7/16,Asignaciòn OpenBank,Asignado,1
9/8/16,Asignaciòn OpenBank,Asignado,1
9/9/16,Asignaciòn OpenBank,Asignado,1
9/10/16,Asignaciòn OpenBank,Asignado,1
9/11/16,Asignaciòn OpenBank,Asignado,1
9/12/16,Asignaciòn OpenBank,Asignado,1
9/13/2016,Asignaciòn OpenBank,Asignado,1
9/14/2016,Asignaciòn OpenBank,Asignado,1
9/15/2016,Asignaciòn OpenBank,Asignado,1
9/16/2016,Asignaciòn OpenBank,Asignado,1
9/17/2016,Asignaciòn OpenBank,Asignado,1
9/18/2016,Asignaciòn OpenBank,Asignado,1
9/19/2016,Asignaciòn OpenBank,Asignado,1
9/20/2016,Asignaciòn OpenBank,Asignado,1
9/21/2016,Asignaciòn OpenBank,Asignado,1
9/22/2016,Asignaciòn OpenBank,Asignado,1
9/23/2016,Asignaciòn OpenBank,Asignado,1
9/24/2016,Asignaciòn OpenBank,Asignado,1
9/25/2016,Asignaciòn OpenBank,Asignado,1
9/26/2016,Asignaciòn OpenBank,Asignado,1
9/27/2016,Asignaciòn OpenBank,Asignado,1
9/28/2016,Asignaciòn OpenBank,Asignado,1
9/29/2016,Asignaciòn OpenBank,Asignado,1
9/30/2016,Asignaciòn OpenBank,Asignado,1
10/1/16,Asignaciòn OpenBank,Asignado,1
10/2/16,Asignaciòn OpenBank,Asignado,1
10/3/16,Asignaciòn OpenBank,Asignado,1
10/4/16,Asignaciòn OpenBank,Asignado,1
10/5/16,Asignaciòn OpenBank,Asignado,1
10/6/16,Asignaciòn OpenBank,Asignado,1
10/7/16,Asignaciòn OpenBank,Asignado,1
10/8/16,Asignaciòn OpenBank,Asignado,1
10/9/16,Asignaciòn OpenBank,Asignado,1
10/10/16,Asignaciòn OpenBank,Asignado,1
10/11/16,Asignaciòn OpenBank,Asignado,1
10/12/16,Asignaciòn OpenBank,Asignado,1
10/13/2016,Asignaciòn OpenBank,Asignado,1
10/14/2016,Asignaciòn OpenBank,Asignado,1
10/15/2016,Asignaciòn OpenBank,Asignado,1
10/16/2016,Asignaciòn OpenBank,Asignado,1
10/17/2016,Asignaciòn OpenBank,Asignado,1
10/18/2016,Asignaciòn OpenBank,Asignado,1
10/19/2016,Asignaciòn OpenBank,Asignado,1
10/20/2016,Asignaciòn OpenBank,Asignado,1
10/21/2016,Asignaciòn OpenBank,Asignado,1
10/22/2016,Asignaciòn OpenBank,Asignado,1
10/23/2016,Asignaciòn OpenBank,Asignado,1
10/24/2016,Asignaciòn OpenBank,Asignado,1
10/25/2016,Asignaciòn OpenBank,Asignado,1
10/26/2016,Asignaciòn OpenBank,Asignado,1
10/27/2016,Asignaciòn OpenBank,Asignado,1
10/28/2016,Asignaciòn OpenBank,Asignado,1
10/29/2016,Asignaciòn OpenBank,Asignado,1
10/30/2016,Asignaciòn OpenBank,Asignado,1
10/31/2016,Asignaciòn OpenBank,Asignado,1
11/1/16,Asignaciòn OpenBank,Asignado,1
11/2/16,Asignaciòn OpenBank,Asignado,1
11/3/16,Asignaciòn OpenBank,Asignado,1
11/4/16,Asignaciòn OpenBank,Asignado,1
11/5/16,Asignaciòn OpenBank,Asignado,1
11/6/16,Asignaciòn OpenBank,Asignado,1
11/7/16,Asignaciòn OpenBank,Asignado,1
11/8/16,Asignaciòn OpenBank,Asignado,1
11/9/16,Asignaciòn OpenBank,Asignado,1
11/10/16,Asignaciòn OpenBank,Asignado,1
11/11/16,Asignaciòn OpenBank,Asignado,1
11/12/16,Asignaciòn OpenBank,Asignado,1
11/13/2016,Asignaciòn OpenBank,Asignado,1
11/14/2016,Asignaciòn OpenBank,Asignado,1
11/15/2016,Asignaciòn OpenBank,Asignado,1
11/16/2016,Asignaciòn OpenBank,Asignado,1
11/17/2016,Asignaciòn OpenBank,Asignado,1
11/18/2016,Asignaciòn OpenBank,Asignado,1
11/19/2016,Asignaciòn OpenBank,Asignado,1
11/20/2016,Asignaciòn OpenBank,Asignado,1
11/21/2016,Asignaciòn OpenBank,Asignado,1
11/22/2016,Asignaciòn OpenBank,Asignado,1
11/23/2016,Asignaciòn OpenBank,Asignado,1
11/24/2016,Asignaciòn OpenBank,Asignado,1
11/25/2016,Asignaciòn OpenBank,Asignado,1
11/26/2016,Asignaciòn OpenBank,Asignado,1
11/27/2016,Asignaciòn OpenBank,Asignado,1
11/28/2016,Asignaciòn OpenBank,Asignado,1
11/29/2016,Asignaciòn OpenBank,Asignado,1
11/30/2016,Asignaciòn OpenBank,Asignado,1
12/1/16,Asignaciòn OpenBank,Asignado,1
12/2/16,Asignaciòn OpenBank,Asignado,1
12/3/16,Asignaciòn OpenBank,Asignado,1
12/4/16,Asignaciòn OpenBank,Asignado,1
12/5/16,Asignaciòn OpenBank,Asignado,1
12/6/16,Asignaciòn OpenBank,Asignado,1
12/7/16,Asignaciòn OpenBank,Asignado,1
12/8/16,Asignaciòn OpenBank,Asignado,1
12/9/16,Asignaciòn OpenBank,Asignado,1
12/10/16,Asignaciòn OpenBank,Asignado,1
12/11/16,Asignaciòn OpenBank,Asignado,1
12/12/16,Asignaciòn OpenBank,Asignado,1
12/13/2016,Asignaciòn OpenBank,Asignado,1
12/14/2016,Asignaciòn OpenBank,Asignado,1
12/15/2016,Asignaciòn OpenBank,Asignado,1
12/16/2016,Asignaciòn OpenBank,Asignado,1
12/17/2016,Asignaciòn OpenBank,Asignado,1
12/18/2016,Asignaciòn OpenBank,Asignado,1
12/19/2016,Asignaciòn OpenBank,Asignado,1
12/20/2016,Asignaciòn OpenBank,Asignado,1
12/21/2016,Asignaciòn OpenBank,Asignado,1
12/22/2016,Asignaciòn OpenBank,Asignado,1
12/23/2016,Asignaciòn OpenBank,Asignado,1
12/24/2016,Asignaciòn OpenBank,Asignado,1
12/25/2016,Asignaciòn OpenBank,Asignado,1
12/26/2016,Asignaciòn OpenBank,Asignado,1
12/27/2016,Asignaciòn OpenBank,Asignado,1
12/28/2016,Asignaciòn OpenBank,Asignado,1
12/29/2016,Asignaciòn OpenBank,Asignado,1
12/30/2016,Asignaciòn OpenBank,Asignado,1
12/31/2016,Asignaciòn OpenBank,Asignado,1
1/1/17,Asignaciòn OpenBank,Asignado,1
1/2/17,Asignaciòn OpenBank,Asignado,1
1/3/17,Asignaciòn OpenBank,Asignado,1
1/4/17,Asignaciòn OpenBank,Asignado,1
1/5/17,Asignaciòn OpenBank,Asignado,1
1/6/17,Asignaciòn OpenBank,Asignado,1
1/7/17,Asignaciòn OpenBank,Asignado,1
1/8/17,Asignaciòn OpenBank,Asignado,1
1/9/17,Asignaciòn OpenBank,Asignado,1
1/10/17,Asignaciòn OpenBank,Asignado,1
1/11/17,Asignaciòn OpenBank,Asignado,1
1/12/17,Asignaciòn OpenBank,Asignado,1
1/13/2017,Asignaciòn OpenBank,Asignado,1
1/14/2017,Asignaciòn OpenBank,Asignado,1
1/15/2017,Asignaciòn OpenBank,Asignado,1
1/16/2017,Asignaciòn OpenBank,Asignado,1
1/17/2017,Asignaciòn OpenBank,Asignado,1
1/18/2017,Asignaciòn OpenBank,Asignado,1
1/19/2017,Asignaciòn OpenBank,Asignado,1
1/20/2017,Asignaciòn OpenBank,Asignado,1
1/21/2017,Asignaciòn OpenBank,Asignado,1
1/22/2017,Asignaciòn OpenBank,Asignado,1
1/23/2017,Asignaciòn OpenBank,Asignado,1
1/24/2017,Asignaciòn OpenBank,Asignado,1
1/25/2017,Asignaciòn OpenBank,Asignado,1
1/26/2017,Asignaciòn OpenBank,Asignado,1
1/27/2017,Asignaciòn OpenBank,Asignado,1
1/28/2017,Asignaciòn OpenBank,Asignado,1
1/29/2017,Asignaciòn OpenBank,Asignado,1
1/30/2017,Asignaciòn OpenBank,Asignado,1
1/31/2017,Asignaciòn OpenBank,Asignado,1
2/1/17,Asignaciòn OpenBank,Asignado,1
2/2/17,Asignaciòn OpenBank,Asignado,1
2/3/17,Asignaciòn OpenBank,Asignado,1
2/4/17,Asignaciòn OpenBank,Asignado,1
2/5/17,Asignaciòn OpenBank,Asignado,1
2/6/17,Asignaciòn OpenBank,Asignado,1
2/7/17,Asignaciòn OpenBank,Asignado,1
2/8/17,Asignaciòn OpenBank,Asignado,1
2/9/17,Asignaciòn OpenBank,Asignado,1
2/10/17,Asignaciòn OpenBank,Asignado,1
2/11/17,Asignaciòn OpenBank,Asignado,1
2/12/17,Asignaciòn OpenBank,Asignado,1
2/13/2017,Asignaciòn OpenBank,Asignado,1
2/14/2017,Asignaciòn OpenBank,Asignado,1
2/15/2017,Asignaciòn OpenBank,Asignado,1
2/16/2017,Asignaciòn OpenBank,Asignado,1
2/17/2017,Asignaciòn OpenBank,Asignado,1
2/18/2017,Asignaciòn OpenBank,Asignado,1
2/19/2017,Asignaciòn OpenBank,Asignado,1
2/20/2017,Asignaciòn OpenBank,Asignado,1
2/21/2017,Asignaciòn OpenBank,Asignado,1
2/22/2017,Asignaciòn OpenBank,Asignado,1
2/23/2017,Asignaciòn OpenBank,Asignado,1
2/24/2017,Asignaciòn OpenBank,Asignado,1
2/25/2017,Asignaciòn OpenBank,Asignado,1
2/26/2017,Asignaciòn OpenBank,Asignado,1
2/27/2017,Asignaciòn OpenBank,Asignado,1
2/28/2017,Asignaciòn OpenBank,Asignado,1
3/1/17,Asignaciòn OpenBank,Asignado,1
3/2/17,Asignaciòn OpenBank,Asignado,1
3/3/17,Asignaciòn OpenBank,Asignado,1
3/4/17,Asignaciòn OpenBank,Asignado,1
3/5/17,Asignaciòn OpenBank,Asignado,1
3/6/17,Asignaciòn OpenBank,Asignado,1
3/7/17,Asignaciòn OpenBank,Asignado,1
3/8/17,Asignaciòn OpenBank,Asignado,1
3/9/17,Asignaciòn OpenBank,Asignado,1
3/10/17,Asignaciòn OpenBank,Asignado,1
3/11/17,Asignaciòn OpenBank,Asignado,1
3/12/17,Asignaciòn OpenBank,Asignado,1
3/13/2017,Asignaciòn OpenBank,Asignado,1
3/14/2017,Asignaciòn OpenBank,Asignado,1
3/15/2017,Asignaciòn OpenBank,Asignado,1
3/16/2017,Asignaciòn OpenBank,Asignado,1
3/17/2017,Asignaciòn OpenBank,Asignado,1
3/18/2017,Asignaciòn OpenBank,Asignado,1
3/19/2017,Asignaciòn OpenBank,Asignado,1
3/20/2017,Asignaciòn OpenBank,Asignado,1
3/21/2017,Asignaciòn OpenBank,Asignado,1
3/22/2017,Asignaciòn OpenBank,Asignado,1
3/23/2017,Asignaciòn OpenBank,Asignado,1
3/24/2017,Asignaciòn OpenBank,Asignado,1
3/25/2017,Asignaciòn OpenBank,Asignado,1
3/26/2017,Asignaciòn OpenBank,Asignado,1
3/27/2017,Asignaciòn OpenBank,Asignado,1
3/28/2017,Asignaciòn OpenBank,Asignado,1
3/29/2017,Asignaciòn OpenBank,Asignado,1
3/30/2017,Asignaciòn OpenBank,Asignado,1
3/31/2017,Asignaciòn OpenBank,Asignado,1
4/1/17,Asignaciòn OpenBank,Asignado,1
4/2/17,Asignaciòn OpenBank,Asignado,1
4/3/17,Asignaciòn OpenBank,Asignado,1
4/4/17,Asignaciòn OpenBank,Asignado,1
4/5/17,Asignaciòn OpenBank,Asignado,1
4/6/17,Asignaciòn OpenBank,Asignado,1
4/7/17,Asignaciòn OpenBank,Asignado,1
4/8/17,Asignaciòn OpenBank,Asignado,1
4/9/17,Asignaciòn OpenBank,Asignado,1
4/10/17,Asignaciòn OpenBank,Asignado,1
4/11/17,Asignaciòn OpenBank,Asignado,1
4/12/17,Asignaciòn OpenBank,Asignado,1
4/13/2017,Asignaciòn OpenBank,Asignado,1
4/14/2017,Asignaciòn OpenBank,Asignado,1
4/15/2017,Asignaciòn OpenBank,Asignado,1
4/16/2017,Asignaciòn OpenBank,Asignado,1
4/17/2017,Asignaciòn OpenBank,Asignado,1
4/18/2017,Asignaciòn OpenBank,Asignado,1
4/19/2017,Asignaciòn OpenBank,Asignado,1
4/20/2017,Asignaciòn OpenBank,Asignado,1
4/21/2017,Asignaciòn OpenBank,Asignado,1
4/22/2017,Asignaciòn OpenBank,Asignado,1
4/23/2017,Asignaciòn OpenBank,Asignado,1
4/24/2017,Asignaciòn OpenBank,Asignado,1
4/25/2017,Asignaciòn OpenBank,Asignado,1
4/26/2017,Asignaciòn OpenBank,Asignado,1
4/27/2017,Asignaciòn OpenBank,Asignado,1
4/28/2017,Asignaciòn OpenBank,Asignado,1
4/29/2017,Asignaciòn OpenBank,Asignado,1
4/30/2017,Asignaciòn OpenBank,Asignado,1
5/1/17,Asignaciòn OpenBank,Asignado,1
5/2/17,Asignaciòn OpenBank,Asignado,1
5/3/17,Asignaciòn OpenBank,Asignado,1
5/4/17,Asignaciòn OpenBank,Asignado,1
5/5/17,Asignaciòn OpenBank,Asignado,1
5/6/17,Asignaciòn OpenBank,Asignado,1
5/7/17,Asignaciòn OpenBank,Asignado,1
5/8/17,Asignaciòn OpenBank,Asignado,1
5/9/17,Asignaciòn OpenBank,Asignado,1
5/10/17,Asignaciòn OpenBank,Asignado,1
5/11/17,Asignaciòn OpenBank,Asignado,1
5/12/17,Asignaciòn OpenBank,Asignado,1
5/13/2017,Asignaciòn OpenBank,Asignado,1
5/14/2017,Asignaciòn OpenBank,Asignado,1
5/15/2017,Asignaciòn OpenBank,Asignado,1
5/16/2017,Asignaciòn OpenBank,Asignado,1
5/17/2017,Asignaciòn OpenBank,Asignado,1
5/18/2017,Asignaciòn OpenBank,Asignado,1
5/19/2017,Asignaciòn OpenBank,Asignado,1
5/20/2017,Asignaciòn OpenBank,Asignado,1
5/21/2017,Asignaciòn OpenBank,Asignado,1
5/22/2017,Asignaciòn OpenBank,Asignado,1
5/23/2017,Asignaciòn OpenBank,Asignado,1
5/24/2017,Asignaciòn OpenBank,Asignado,1
5/25/2017,Asignaciòn OpenBank,Asignado,1
5/26/2017,Asignaciòn OpenBank,Asignado,1
5/27/2017,Asignaciòn OpenBank,Asignado,1
5/28/2017,Asignaciòn OpenBank,Asignado,1
5/29/2017,Asignaciòn OpenBank,Asignado,1
5/30/2017,Asignaciòn OpenBank,Asignado,1
5/31/2017,Asignaciòn OpenBank,Asignado,1
6/1/17,Asignaciòn OpenBank,Asignado,1
6/2/17,Asignaciòn OpenBank,Asignado,1
6/3/17,Asignaciòn OpenBank,Asignado,1
6/4/17,Asignaciòn OpenBank,Asignado,1
6/5/17,Asignaciòn OpenBank,Asignado,1
6/6/17,Asignaciòn OpenBank,Asignado,1
6/7/17,Asignaciòn OpenBank,Asignado,1
6/8/17,Asignaciòn OpenBank,Asignado,1
6/9/17,Asignaciòn OpenBank,Asignado,1
6/10/17,Asignaciòn OpenBank,Asignado,1
6/11/17,Asignaciòn OpenBank,Asignado,1
6/12/17,Asignaciòn OpenBank,Asignado,1
6/13/2017,Asignaciòn OpenBank,Asignado,1
6/14/2017,Asignaciòn OpenBank,Asignado,1
6/15/2017,Asignaciòn OpenBank,Asignado,1
6/16/2017,Asignaciòn OpenBank,Asignado,1
6/17/2017,Asignaciòn OpenBank,Asignado,1
6/18/2017,Asignaciòn OpenBank,Asignado,1
6/19/2017,Asignaciòn OpenBank,Asignado,1
6/20/2017,Asignaciòn OpenBank,Asignado,1
6/21/2017,Asignaciòn OpenBank,Asignado,1
6/22/2017,Asignaciòn OpenBank,Asignado,1
6/23/2017,Asignaciòn OpenBank,Asignado,1
6/24/2017,Asignaciòn OpenBank,Asignado,1
6/25/2017,Asignaciòn OpenBank,Asignado,1
6/26/2017,Asignaciòn OpenBank,Asignado,1
6/27/2017,Asignaciòn OpenBank,Asignado,1
6/28/2017,Asignaciòn OpenBank,Asignado,1
6/29/2017,Asignaciòn OpenBank,Asignado,1
6/30/2017,Asignaciòn OpenBank,Asignado,1
7/1/17,Asignaciòn OpenBank,Asignado,1
7/2/17,Asignaciòn OpenBank,Asignado,1
7/3/17,Asignaciòn OpenBank,Asignado,1
7/4/17,Asignaciòn OpenBank,Asignado,1
7/5/17,Asignaciòn OpenBank,Asignado,1
7/6/17,Asignaciòn OpenBank,Asignado,1
7/7/17,Asignaciòn OpenBank,Asignado,1
7/8/17,Asignaciòn OpenBank,Asignado,1
7/9/17,Asignaciòn OpenBank,Asignado,1
7/10/17,Asignaciòn OpenBank,Asignado,1
7/11/17,Asignaciòn OpenBank,Asignado,1
7/12/17,Asignaciòn OpenBank,Asignado,1
7/13/2017,Asignaciòn OpenBank,Asignado,1
7/14/2017,Asignaciòn OpenBank,Asignado,1
7/15/2017,Asignaciòn OpenBank,Asignado,1
7/16/2017,Asignaciòn OpenBank,Asignado,1
7/17/2017,Asignaciòn OpenBank,Asignado,1
7/18/2017,Asignaciòn OpenBank,Asignado,1
7/19/2017,Asignaciòn OpenBank,Asignado,1
7/20/2017,Asignaciòn OpenBank,Asignado,1
7/21/2017,Asignaciòn OpenBank,Asignado,1
7/22/2017,Asignaciòn OpenBank,Asignado,1
7/23/2017,Asignaciòn OpenBank,Asignado,1
7/24/2017,Asignaciòn OpenBank,Asignado,1
7/25/2017,Asignaciòn OpenBank,Asignado,1
7/26/2017,Asignaciòn OpenBank,Asignado,1
7/27/2017,Asignaciòn OpenBank,Asignado,1
7/28/2017,Asignaciòn OpenBank,Asignado,1
7/29/2017,Asignaciòn OpenBank,Asignado,1
7/30/2017,Asignaciòn OpenBank,Asignado,1
7/31/2017,Asignaciòn OpenBank,Asignado,1
8/1/17,Asignaciòn OpenBank,Asignado,1
8/2/17,Asignaciòn OpenBank,Asignado,1
8/3/17,Asignaciòn OpenBank,Asignado,1
8/4/17,Asignaciòn OpenBank,Asignado,1
8/5/17,Asignaciòn OpenBank,Asignado,1
8/6/17,Asignaciòn OpenBank,Asignado,1
8/7/17,Asignaciòn OpenBank,Asignado,1
8/8/17,Asignaciòn OpenBank,Asignado,1
8/9/17,Asignaciòn OpenBank,Asignado,1
8/10/17,Asignaciòn OpenBank,Asignado,1
8/11/17,Asignaciòn OpenBank,Asignado,1
8/12/17,Asignaciòn OpenBank,Asignado,1
8/13/2017,Asignaciòn OpenBank,Asignado,1
8/14/2017,Asignaciòn OpenBank,Asignado,1
8/15/2017,Asignaciòn OpenBank,Asignado,1
8/16/2017,Asignaciòn OpenBank,Asignado,1
8/17/2017,Asignaciòn OpenBank,Asignado,1
8/18/2017,Asignaciòn OpenBank,Asignado,1
8/19/2017,Asignaciòn OpenBank,Asignado,1
8/20/2017,Asignaciòn OpenBank,Asignado,1
8/21/2017,Asignaciòn OpenBank,Asignado,1
8/22/2017,Asignaciòn OpenBank,Asignado,1
8/23/2017,Asignaciòn OpenBank,Asignado,1
8/24/2017,Asignaciòn OpenBank,Asignado,1
8/25/2017,Asignaciòn OpenBank,Asignado,1
8/26/2017,Asignaciòn OpenBank,Asignado,1
8/27/2017,Asignaciòn OpenBank,Asignado,1
8/28/2017,Asignaciòn OpenBank,Asignado,1
8/29/2017,Asignaciòn OpenBank,Asignado,1
8/30/2017,Salida OpenBank,Exit,5
8/31/2017,Asignación JnJ,Asignación,2
9/1/17,Asignación JnJ,Asignado,1
9/2/17,Asignación JnJ,Asignado,1
9/3/17,Asignación JnJ,Asignado,1
9/4/17,Asignación JnJ,Asignado,1
9/5/17,Asignación JnJ,Asignado,1
9/6/17,Asignación JnJ,Asignado,1
9/7/17,Asignación JnJ,Asignado,1
9/8/17,Asignación JnJ,Asignado,1
9/9/17,Asignación JnJ,Asignado,1
9/10/17,Asignación JnJ,Asignado,1
9/11/17,Asignación JnJ,Asignado,1
9/12/17,Asignación JnJ,Asignado,1
9/13/2017,Asignación JnJ,Asignado,1
9/14/2017,Asignación JnJ,Asignado,1
9/15/2017,Asignación JnJ,Asignado,1
9/16/2017,Asignación JnJ,Asignado,1
9/17/2017,Asignación JnJ,Asignado,1
9/18/2017,Asignación JnJ,Asignado,1
9/19/2017,Asignación JnJ,Asignado,1
9/20/2017,Asignación JnJ,Asignado,1
9/21/2017,Asignación JnJ,Asignado,1
9/22/2017,Asignación JnJ,Asignado,1
9/23/2017,Asignación JnJ,Asignado,1
9/24/2017,Asignación JnJ,Asignado,1
9/25/2017,Asignación JnJ,Asignado,1
9/26/2017,Asignación JnJ,Asignado,1
9/27/2017,Asignación JnJ,Asignado,1
9/28/2017,Asignación JnJ,Asignado,1
9/29/2017,Asignación JnJ,Asignado,1
9/30/2017,Asignación JnJ,Asignado,1
10/1/17,Primera asignación como TL,Día Clave,4
10/2/17,Asignación JnJ,Asignado,1
10/3/17,Asignación JnJ,Asignado,1
10/4/17,Asignación JnJ,Asignado,1
10/5/17,Asignación JnJ,Asignado,1
10/6/17,Asignación JnJ,Asignado,1
10/7/17,Asignación JnJ,Asignado,1
10/8/17,Asignación JnJ,Asignado,1
10/9/17,Asignación JnJ,Asignado,1
10/10/17,Asignación JnJ,Asignado,1
10/11/17,Asignación JnJ,Asignado,1
10/12/17,Asignación JnJ,Asignado,1
10/13/2017,Asignación JnJ,Asignado,1
10/14/2017,Asignación JnJ,Asignado,1
10/15/2017,Asignación JnJ,Asignado,1
10/16/2017,Asignación JnJ,Asignado,1
10/17/2017,Asignación JnJ,Asignado,1
10/18/2017,Asignación JnJ,Asignado,1
10/19/2017,Asignación JnJ,Asignado,1
10/20/2017,Asignación JnJ,Asignado,1
10/21/2017,Asignación JnJ,Asignado,1
10/22/2017,Asignación JnJ,Asignado,1
10/23/2017,Asignación JnJ,Asignado,1
10/24/2017,Asignación JnJ,Asignado,1
10/25/2017,Asignación JnJ,Asignado,1
10/26/2017,Asignación JnJ,Asignado,1
10/27/2017,Asignación JnJ,Asignado,1
10/28/2017,Asignación JnJ,Asignado,1
10/29/2017,Asignación JnJ,Asignado,1
10/30/2017,Asignación JnJ,Asignado,1
10/31/2017,Asignación JnJ,Asignado,1
11/1/17,Asignación JnJ,Asignado,1
11/2/17,Asignación JnJ,Asignado,1
11/3/17,Asignación JnJ,Asignado,1
11/4/17,Asignación JnJ,Asignado,1
11/5/17,Asignación JnJ,Asignado,1
11/6/17,Asignación JnJ,Asignado,1
11/7/17,Asignación JnJ,Asignado,1
11/8/17,Asignación JnJ,Asignado,1
11/9/17,Asignación JnJ,Asignado,1
11/10/17,Asignación JnJ,Asignado,1
11/11/17,Asignación JnJ,Asignado,1
11/12/17,Asignación JnJ,Asignado,1
11/13/2017,Asignación JnJ,Asignado,1
11/14/2017,Asignación JnJ,Asignado,1
11/15/2017,Asignación JnJ,Asignado,1
11/16/2017,Asignación JnJ,Asignado,1
11/17/2017,Asignación JnJ,Asignado,1
11/18/2017,Asignación JnJ,Asignado,1
11/19/2017,Asignación JnJ,Asignado,1
11/20/2017,Asignación JnJ,Asignado,1
11/21/2017,Asignación JnJ,Asignado,1
11/22/2017,Asignación JnJ,Asignado,1
11/23/2017,Asignación JnJ,Asignado,1
11/24/2017,Asignación JnJ,Asignado,1
11/25/2017,Asignación JnJ,Asignado,1
11/26/2017,Asignación JnJ,Asignado,1
11/27/2017,Asignación JnJ,Asignado,1
11/28/2017,Asignación JnJ,Asignado,1
11/29/2017,Asignación JnJ,Asignado,1
11/30/2017,Asignación JnJ,Asignado,1
12/1/17,Asignación JnJ,Asignado,1
12/2/17,Asignación JnJ,Asignado,1
12/3/17,Asignación JnJ,Asignado,1
12/4/17,Asignación JnJ,Asignado,1
12/5/17,Asignación JnJ,Asignado,1
12/6/17,Asignación JnJ,Asignado,1
12/7/17,Asignación JnJ,Asignado,1
12/8/17,Asignación JnJ,Asignado,1
12/9/17,Asignación JnJ,Asignado,1
12/10/17,Asignación JnJ,Asignado,1
12/11/17,Asignación JnJ,Asignado,1
12/12/17,Asignación JnJ,Asignado,1
12/13/2017,Asignación JnJ,Asignado,1
12/14/2017,Asignación JnJ,Asignado,1
12/15/2017,Asignación JnJ,Asignado,1
12/16/2017,Asignación JnJ,Asignado,1
12/17/2017,Asignación JnJ,Asignado,1
12/18/2017,Asignación JnJ,Asignado,1
12/19/2017,Asignación JnJ,Asignado,1
12/20/2017,Asignación JnJ,Asignado,1
12/21/2017,Asignación JnJ,Asignado,1
12/22/2017,Asignación JnJ,Asignado,1
12/23/2017,Asignación JnJ,Asignado,1
12/24/2017,Asignación JnJ,Asignado,1
12/25/2017,Asignación JnJ,Asignado,1
12/26/2017,Asignación JnJ,Asignado,1
12/27/2017,Asignación JnJ,Asignado,1
12/28/2017,Asignación JnJ,Asignado,1
12/29/2017,Asignación JnJ,Asignado,1
12/30/2017,Asignación JnJ,Asignado,1
12/31/2017,Asignación JnJ,Asignado,1
1/1/18,Asignación JnJ,Asignado,1
1/2/18,Asignación JnJ,Asignado,1
1/3/18,Asignación JnJ,Asignado,1
1/4/18,Asignación JnJ,Asignado,1
1/5/18,Asignación JnJ,Asignado,1
1/6/18,Asignación JnJ,Asignado,1
1/7/18,Asignación JnJ,Asignado,1
1/8/18,Asignación JnJ,Asignado,1
1/9/18,Asignación JnJ,Asignado,1
1/10/18,Asignación JnJ,Asignado,1
1/11/18,Asignación JnJ,Asignado,1
1/12/18,Asignación JnJ,Asignado,1
1/13/2018,Asignación JnJ,Asignado,1
1/14/2018,Asignación JnJ,Asignado,1
1/15/2018,Asignación JnJ,Asignado,1
1/16/2018,Asignación JnJ,Asignado,1
1/17/2018,Asignación JnJ,Asignado,1
1/18/2018,Asignación JnJ,Asignado,1
1/19/2018,Asignación JnJ,Asignado,1
1/20/2018,Asignación JnJ,Asignado,1
1/21/2018,Asignación JnJ,Asignado,1
1/22/2018,Asignación JnJ,Asignado,1
1/23/2018,Asignación JnJ,Asignado,1
1/24/2018,Asignación JnJ,Asignado,1
1/25/2018,Asignación JnJ,Asignado,1
1/26/2018,Asignación JnJ,Asignado,1
1/27/2018,Asignación JnJ,Asignado,1
1/28/2018,Asignación JnJ,Asignado,1
1/29/2018,Asignación JnJ,Asignado,1
1/30/2018,Asignación JnJ,Asignado,1
1/31/2018,Asignación JnJ,Asignado,1
2/1/18,Asignación JnJ,Asignado,1
2/2/18,Asignación JnJ,Asignado,1
2/3/18,Asignación JnJ,Asignado,1
2/4/18,Asignación JnJ,Asignado,1
2/5/18,Asignación JnJ,Asignado,1
2/6/18,Asignación JnJ,Asignado,1
2/7/18,Asignación JnJ,Asignado,1
2/8/18,Asignación JnJ,Asignado,1
2/9/18,Asignación JnJ,Asignado,1
2/10/18,Asignación JnJ,Asignado,1
2/11/18,Asignación JnJ,Asignado,1
2/12/18,Asignación JnJ,Asignado,1
2/13/2018,Asignación JnJ,Asignado,1
2/14/2018,Asignación JnJ,Asignado,1
2/15/2018,Asignación JnJ,Asignado,1
2/16/2018,Asignación JnJ,Asignado,1
2/17/2018,Asignación JnJ,Asignado,1
2/18/2018,Asignación JnJ,Asignado,1
2/19/2018,Asignación JnJ,Asignado,1
2/20/2018,Asignación JnJ,Asignado,1
2/21/2018,Asignación JnJ,Asignado,1
2/22/2018,Asignación JnJ,Asignado,1
2/23/2018,Asignación JnJ,Asignado,1
2/24/2018,Asignación JnJ,Asignado,1
2/25/2018,Asignación JnJ,Asignado,1
2/26/2018,Asignación JnJ,Asignado,1
2/27/2018,Asignación JnJ,Asignado,1
2/28/2018,Asignación JnJ,Asignado,1
3/1/18,Asignación JnJ,Asignado,1
3/2/18,Asignación JnJ,Asignado,1
3/3/18,Asignación JnJ,Asignado,1
3/4/18,Asignación JnJ,Asignado,1
3/5/18,Asignación JnJ,Asignado,1
3/6/18,Asignación JnJ,Asignado,1
3/7/18,Asignación JnJ,Asignado,1
3/8/18,Asignación JnJ,Asignado,1
3/9/18,Asignación JnJ,Asignado,1
3/10/18,Asignación JnJ,Asignado,1
3/11/18,Asignación JnJ,Asignado,1
3/12/18,Asignación JnJ,Asignado,1
3/13/2018,Asignación JnJ,Asignado,1
3/14/2018,Asignación JnJ,Asignado,1
3/15/2018,Asignación JnJ,Asignado,1
3/16/2018,Asignación JnJ,Asignado,1
3/17/2018,Asignación JnJ,Asignado,1
3/18/2018,Asignación JnJ,Asignado,1
3/19/2018,Asignación JnJ,Asignado,1
3/20/2018,Asignación JnJ,Asignado,1
3/21/2018,Asignación JnJ,Asignado,1
3/22/2018,Asignación JnJ,Asignado,1
3/23/2018,Asignación JnJ,Asignado,1
3/24/2018,Asignación JnJ,Asignado,1
3/25/2018,Asignación JnJ,Asignado,1
3/26/2018,Asignación JnJ,Asignado,1
3/27/2018,Asignación JnJ,Asignado,1
3/28/2018,Asignación JnJ,Asignado,1
3/29/2018,Asignación JnJ,Asignado,1
3/30/2018,Asignación JnJ,Asignado,1
3/31/2018,Asignación JnJ,Asignado,1
4/1/18,Asignación JnJ,Asignado,1
4/2/18,Asignación JnJ,Asignado,1
4/3/18,Asignación JnJ,Asignado,1
4/4/18,Asignación JnJ,Asignado,1
4/5/18,Asignación JnJ,Asignado,1
4/6/18,Asignación JnJ,Asignado,1
4/7/18,Asignación JnJ,Asignado,1
4/8/18,Asignación JnJ,Asignado,1
4/9/18,Asignación JnJ,Asignado,1
4/10/18,Asignación JnJ,Asignado,1
4/11/18,Asignación JnJ,Asignado,1
4/12/18,Asignación JnJ,Asignado,1
4/13/2018,Asignación JnJ,Asignado,1
4/14/2018,Asignación JnJ,Asignado,1
4/15/2018,Asignación JnJ,Asignado,1
4/16/2018,Asignación JnJ,Asignado,1
4/17/2018,Asignación JnJ,Asignado,1
4/18/2018,Reca a Architect,Día Clave,4
4/19/2018,Asignación JnJ,Asignado,1
4/20/2018,Asignación JnJ,Asignado,1
4/21/2018,Asignación JnJ,Asignado,1
4/22/2018,Asignación JnJ,Asignado,1
4/23/2018,Asignación JnJ,Asignado,1
4/24/2018,Asignación JnJ,Asignado,1
4/25/2018,Asignación JnJ,Asignado,1
4/26/2018,Nacimiento Ximena Snow,Día Clave,4
4/27/2018,Asignación JnJ,Asignado,1
4/28/2018,Asignación JnJ,Asignado,1
4/29/2018,Asignación JnJ,Asignado,1
4/30/2018,Asignación JnJ,Asignado,1
5/1/18,Asignación JnJ,Asignado,1
5/2/18,Asignación JnJ,Asignado,1
5/3/18,Asignación JnJ,Asignado,1
5/4/18,Asignación JnJ,Asignado,1
5/5/18,Asignación JnJ,Asignado,1
5/6/18,Asignación JnJ,Asignado,1
5/7/18,Asignación JnJ,Asignado,1
5/8/18,Asignación JnJ,Asignado,1
5/9/18,Asignación JnJ,Asignado,1
5/10/18,Asignación JnJ,Asignado,1
5/11/18,Asignación JnJ,Asignado,1
5/12/18,Asignación JnJ,Asignado,1
5/13/2018,Asignación JnJ,Asignado,1
5/14/2018,Asignación JnJ,Asignado,1
5/15/2018,Asignación JnJ,Asignado,1
5/16/2018,Asignación JnJ,Asignado,1
5/17/2018,Asignación JnJ,Asignado,1
5/18/2018,Asignación JnJ,Asignado,1
5/19/2018,Asignación JnJ,Asignado,1
5/20/2018,Asignación JnJ,Asignado,1
5/21/2018,Asignación JnJ,Asignado,1
5/22/2018,Asignación JnJ,Asignado,1
5/23/2018,Asignación JnJ,Asignado,1
5/24/2018,Asignación JnJ,Asignado,1
5/25/2018,Asignación JnJ,Asignado,1
5/26/2018,Asignación JnJ,Asignado,1
5/27/2018,Asignación JnJ,Asignado,1
5/28/2018,Asignación JnJ,Asignado,1
5/29/2018,Asignación JnJ,Asignado,1
5/30/2018,Asignación JnJ,Asignado,1
5/31/2018,Asignación JnJ,Asignado,1
6/1/18,Asignación JnJ,Asignado,1
6/2/18,Asignación JnJ,Asignado,1
6/3/18,Asignación JnJ,Asignado,1
6/4/18,Asignación JnJ,Asignado,1
6/5/18,Asignación JnJ,Asignado,1
6/6/18,Asignación JnJ,Asignado,1
6/7/18,Asignación JnJ,Asignado,1
6/8/18,Asignación JnJ,Asignado,1
6/9/18,Asignación JnJ,Asignado,1
6/10/18,Asignación JnJ,Asignado,1
6/11/18,Asignación JnJ,Asignado,1
6/12/18,Asignación JnJ,Asignado,1
6/13/2018,Asignación JnJ,Asignado,1
6/14/2018,Asignación JnJ,Asignado,1
6/15/2018,Asignación JnJ,Asignado,1
6/16/2018,Asignación JnJ,Asignado,1
6/17/2018,Asignación JnJ,Asignado,1
6/18/2018,Asignación JnJ,Asignado,1
6/19/2018,Asignación JnJ,Asignado,1
6/20/2018,Asignación JnJ,Asignado,1
6/21/2018,Asignación JnJ,Asignado,1
6/22/2018,Asignación JnJ,Asignado,1
6/23/2018,Asignación JnJ,Asignado,1
6/24/2018,Asignación JnJ,Asignado,1
6/25/2018,Asignación JnJ,Asignado,1
6/26/2018,Asignación JnJ,Asignado,1
6/27/2018,Asignación JnJ,Asignado,1
6/28/2018,Asignación JnJ,Asignado,1
6/29/2018,Asignación JnJ,Asignado,1
6/30/2018,Asignación JnJ,Asignado,1
7/1/18,Asignación JnJ,Asignado,1
7/2/18,Asignación JnJ,Asignado,1
7/3/18,Asignación JnJ,Asignado,1
7/4/18,Asignación JnJ,Asignado,1
7/5/18,Asignación JnJ,Asignado,1
7/6/18,Asignación JnJ,Asignado,1
7/7/18,Asignación JnJ,Asignado,1
7/8/18,Asignación JnJ,Asignado,1
7/9/18,Asignación JnJ,Asignado,1
7/10/18,Asignación JnJ,Asignado,1
7/11/18,Asignación JnJ,Asignado,1
7/12/18,Asignación JnJ,Asignado,1
7/13/2018,Asignación JnJ,Asignado,1
7/14/2018,Asignación JnJ,Asignado,1
7/15/2018,Asignación JnJ,Asignado,1
7/16/2018,Asignación JnJ,Asignado,1
7/17/2018,Asignación JnJ,Asignado,1
7/18/2018,Asignación JnJ,Asignado,1
7/19/2018,Asignación JnJ,Asignado,1
7/20/2018,Asignación JnJ,Asignado,1
7/21/2018,Asignación JnJ,Asignado,1
7/22/2018,Asignación JnJ,Asignado,1
7/23/2018,Asignación JnJ,Asignado,1
7/24/2018,Asignación JnJ,Asignado,1
7/25/2018,Asignación JnJ,Asignado,1
7/26/2018,Asignación JnJ,Asignado,1
7/27/2018,Asignación JnJ,Asignado,1
7/28/2018,Asignación JnJ,Asignado,1
7/29/2018,Asignación JnJ,Asignado,1
7/30/2018,Asignación JnJ,Asignado,1
7/31/2018,Asignación JnJ,Asignado,1
8/1/18,Asignación JnJ,Asignado,1
8/2/18,Asignación JnJ,Asignado,1
8/3/18,Asignación JnJ,Asignado,1
8/4/18,Asignación JnJ,Asignado,1
8/5/18,Asignación JnJ,Asignado,1
8/6/18,Asignación JnJ,Asignado,1
8/7/18,Asignación JnJ,Asignado,1
8/8/18,Asignación JnJ,Asignado,1
8/9/18,Asignación JnJ,Asignado,1
8/10/18,Asignación JnJ,Asignado,1
8/11/18,Asignación JnJ,Asignado,1
8/12/18,Asignación JnJ,Asignado,1
8/13/2018,Asignación JnJ,Asignado,1
8/14/2018,Asignación JnJ,Asignado,1
8/15/2018,Asignación JnJ,Asignado,1
8/16/2018,Asignación JnJ,Asignado,1
8/17/2018,Asignación JnJ,Asignado,1
8/18/2018,Asignación JnJ,Asignado,1
8/19/2018,Asignación JnJ,Asignado,1
8/20/2018,Asignación JnJ,Asignado,1
8/21/2018,Asignación JnJ,Asignado,1
8/22/2018,Asignación JnJ,Asignado,1
8/23/2018,Asignación JnJ,Asignado,1
8/24/2018,Asignación JnJ,Asignado,1
8/25/2018,Asignación JnJ,Asignado,1
8/26/2018,Asignación JnJ,Asignado,1
8/27/2018,Asignación JnJ,Asignado,1
8/28/2018,Asignación JnJ,Asignado,1
8/29/2018,Asignación JnJ,Asignado,1
8/30/2018,Asignación JnJ,Asignado,1
8/31/2018,Asignación JnJ,Asignado,1
9/1/18,Asignación JnJ,Asignado,1
9/2/18,Asignación JnJ,Asignado,1
9/3/18,Asignación JnJ,Asignado,1
9/4/18,Asignación JnJ,Asignado,1
9/5/18,Asignación JnJ,Asignado,1
9/6/18,Asignación JnJ,Asignado,1
9/7/18,Asignación JnJ,Asignado,1
9/8/18,Asignación JnJ,Asignado,1
9/9/18,Asignación JnJ,Asignado,1
9/10/18,Asignación JnJ,Asignado,1
9/11/18,Asignación JnJ,Asignado,1
9/12/18,Asignación JnJ,Asignado,1
9/13/2018,Asignación JnJ,Asignado,1
9/14/2018,Asignación JnJ,Asignado,1
9/15/2018,Asignación JnJ,Asignado,1
9/16/2018,Asignación JnJ,Asignado,1
9/17/2018,Asignación JnJ,Asignado,1
9/18/2018,Asignación JnJ,Asignado,1
9/19/2018,Asignación JnJ,Asignado,1
9/20/2018,Asignación JnJ,Asignado,1
9/21/2018,Asignación JnJ,Asignado,1
9/22/2018,Asignación JnJ,Asignado,1
9/23/2018,Asignación JnJ,Asignado,1
9/24/2018,Asignación JnJ,Asignado,1
9/25/2018,Asignación JnJ,Asignado,1
9/26/2018,Asignación JnJ,Asignado,1
9/27/2018,Asignación JnJ,Asignado,1
9/28/2018,Asignación JnJ,Asignado,1
9/29/2018,Asignación JnJ,Asignado,1
9/30/2018,Asignación JnJ,Asignado,1
10/1/18,Asignación JnJ,Asignado,1
10/2/18,Asignación JnJ,Asignado,1
10/3/18,Asignación JnJ,Asignado,1
10/4/18,Asignación JnJ,Asignado,1
10/5/18,Asignación JnJ,Asignado,1
10/6/18,Asignación JnJ,Asignado,1
10/7/18,Asignación JnJ,Asignado,1
10/8/18,Asignación JnJ,Asignado,1
10/9/18,Asignación JnJ,Asignado,1
10/10/18,Asignación JnJ,Asignado,1
10/11/18,Asignación JnJ,Asignado,1
10/12/18,Asignación JnJ,Asignado,1
10/13/2018,Asignación JnJ,Asignado,1
10/14/2018,Asignación JnJ,Asignado,1
10/15/2018,Asignación JnJ,Asignado,1
10/16/2018,Asignación JnJ,Asignado,1
10/17/2018,Asignación JnJ,Asignado,1
10/18/2018,Asignación JnJ,Asignado,1
10/19/2018,Asignación JnJ,Asignado,1
10/20/2018,Asignación JnJ,Asignado,1
10/21/2018,Asignación JnJ,Asignado,1
10/22/2018,Asignación JnJ,Asignado,1
10/23/2018,Asignación JnJ,Asignado,1
10/24/2018,Asignación JnJ,Asignado,1
10/25/2018,Asignación JnJ,Asignado,1
10/26/2018,Asignación JnJ,Asignado,1
10/27/2018,Asignación JnJ,Asignado,1
10/28/2018,Asignación JnJ,Asignado,1
10/29/2018,Asignación JnJ,Asignado,1
10/30/2018,Asignación JnJ,Asignado,1
10/31/2018,Asignación JnJ,Asignado,1
11/1/18,Asignación JnJ,Asignado,1
11/2/18,Asignación JnJ,Asignado,1
11/3/18,Asignación JnJ,Asignado,1
11/4/18,Asignación JnJ,Asignado,1
11/5/18,Asignación JnJ,Asignado,1
11/6/18,Asignación JnJ,Asignado,1
11/7/18,Asignación JnJ,Asignado,1
11/8/18,Asignación JnJ,Asignado,1
11/9/18,Asignación JnJ,Asignado,1
11/10/18,Asignación JnJ,Asignado,1
11/11/18,Asignación JnJ,Asignado,1
11/12/18,Asignación JnJ,Asignado,1
11/13/2018,Asignación JnJ,Asignado,1
11/14/2018,Asignación JnJ,Asignado,1
11/15/2018,Asignación JnJ,Asignado,1
11/16/2018,Asignación JnJ,Asignado,1
11/17/2018,Asignación JnJ,Asignado,1
11/18/2018,Asignación JnJ,Asignado,1
11/19/2018,Asignación JnJ,Asignado,1
11/20/2018,Asignación JnJ,Asignado,1
11/21/2018,Asignación JnJ,Asignado,1
11/22/2018,Asignación JnJ,Asignado,1
11/23/2018,Asignación JnJ,Asignado,1
11/24/2018,Asignación JnJ,Asignado,1
11/25/2018,Asignación JnJ,Asignado,1
11/26/2018,Asignación JnJ,Asignado,1
11/27/2018,Asignación JnJ,Asignado,1
11/28/2018,Asignación JnJ,Asignado,1
11/29/2018,Asignación JnJ,Asignado,1
11/30/2018,Asignación JnJ,Asignado,1
12/1/18,Asignación JnJ,Asignado,1
12/2/18,Asignación JnJ,Asignado,1
12/3/18,Asignación JnJ,Asignado,1
12/4/18,Asignación JnJ,Asignado,1
12/5/18,Asignación JnJ,Asignado,1
12/6/18,Asignación JnJ,Asignado,1
12/7/18,Asignación JnJ,Asignado,1
12/8/18,Asignación JnJ,Asignado,1
12/9/18,Asignación JnJ,Asignado,1
12/10/18,Asignación JnJ,Asignado,1
12/11/18,Asignación JnJ,Asignado,1
12/12/18,Asignación JnJ,Asignado,1
12/13/2018,Asignación JnJ,Asignado,1
12/14/2018,Asignación JnJ,Asignado,1
12/15/2018,Asignación JnJ,Asignado,1
12/16/2018,Asignación JnJ,Asignado,1
12/17/2018,Asignación JnJ,Asignado,1
12/18/2018,Asignación JnJ,Asignado,1
12/19/2018,Asignación JnJ,Asignado,1
12/20/2018,Asignación JnJ,Asignado,1
12/21/2018,Asignación JnJ,Asignado,1
12/22/2018,Asignación JnJ,Asignado,1
12/23/2018,Asignación JnJ,Asignado,1
12/24/2018,Asignación JnJ,Asignado,1
12/25/2018,Asignación JnJ,Asignado,1
12/26/2018,Asignación JnJ,Asignado,1
12/27/2018,Asignación JnJ,Asignado,1
12/28/2018,Asignación JnJ,Asignado,1
12/29/2018,Asignación JnJ,Asignado,1
12/30/2018,Asignación JnJ,Asignado,1
12/31/2018,Asignación JnJ,Asignado,1
1/1/19,Asignación JnJ,Asignado,1
1/2/19,Asignación JnJ,Asignado,1
1/3/19,Asignación JnJ,Asignado,1
1/4/19,Asignación JnJ,Asignado,1
1/5/19,Asignación JnJ,Asignado,1
1/6/19,Asignación JnJ,Asignado,1
1/7/19,Asignación JnJ,Asignado,1
1/8/19,Asignación JnJ,Asignado,1
1/9/19,Asignación JnJ,Asignado,1
1/10/19,Asignación JnJ,Asignado,1
1/11/19,Asignación JnJ,Asignado,1
1/12/19,Asignación JnJ,Asignado,1
1/13/2019,Asignación JnJ,Asignado,1
1/14/2019,Asignación JnJ,Asignado,1
1/15/2019,Asignación JnJ,Asignado,1
1/16/2019,Asignación JnJ,Asignado,1
1/17/2019,Asignación JnJ,Asignado,1
1/18/2019,Asignación JnJ,Asignado,1
1/19/2019,Asignación JnJ,Asignado,1
1/20/2019,Asignación JnJ,Asignado,1
1/21/2019,Asignación JnJ,Asignado,1
1/22/2019,Asignación JnJ,Asignado,1
1/23/2019,Asignación JnJ,Asignado,1
1/24/2019,Asignación JnJ,Asignado,1
1/25/2019,Asignación JnJ,Asignado,1
1/26/2019,Asignación JnJ,Asignado,1
1/27/2019,Asignación JnJ,Asignado,1
1/28/2019,Asignación JnJ,Asignado,1
1/29/2019,Asignación JnJ,Asignado,1
1/30/2019,Asignación JnJ,Asignado,1
1/31/2019,Asignación JnJ,Asignado,1
2/1/19,Asignación JnJ,Asignado,1
2/2/19,Asignación JnJ,Asignado,1
2/3/19,Asignación JnJ,Asignado,1
2/4/19,Asignación JnJ,Asignado,1
2/5/19,Asignación JnJ,Asignado,1
2/6/19,Primera entrevista DV,Día Clave,4
2/7/19,Asignación JnJ,Asignado,1
2/8/19,Asignación JnJ,Asignado,1
2/9/19,Asignación JnJ,Asignado,1
2/10/19,Asignación JnJ,Asignado,1
2/11/19,Asignación JnJ,Asignado,1
2/12/19,Asignación JnJ,Asignado,1
2/13/2019,Asignación JnJ,Asignado,1
2/14/2019,Asignación JnJ,Asignado,1
2/15/2019,Asignación JnJ,Asignado,1
2/16/2019,Asignación JnJ,Asignado,1
2/17/2019,Asignación JnJ,Asignado,1
2/18/2019,Asignación JnJ,Asignado,1
2/19/2019,Asignación JnJ,Asignado,1
2/20/2019,Asignación JnJ,Asignado,1
2/21/2019,Asignación JnJ,Asignado,1
2/22/2019,Asignación JnJ,Asignado,1
2/23/2019,Asignación JnJ,Asignado,1
2/24/2019,Asignación JnJ,Asignado,1
2/25/2019,Asignación JnJ,Asignado,1
2/26/2019,Asignación JnJ,Asignado,1
2/27/2019,Asignación JnJ,Asignado,1
2/28/2019,Asignación JnJ,Asignado,1
3/1/19,Asignación JnJ,Asignado,1
3/2/19,Asignación JnJ,Asignado,1
3/3/19,Asignación JnJ,Asignado,1
3/4/19,Asignación JnJ,Asignado,1
3/5/19,Asignación JnJ,Asignado,1
3/6/19,Asignación JnJ,Asignado,1
3/7/19,Asignación JnJ,Asignado,1
3/8/19,Asignación JnJ,Asignado,1
3/9/19,Asignación JnJ,Asignado,1
3/10/19,Asignación JnJ,Asignado,1
3/11/19,Asignación JnJ,Asignado,1
3/12/19,Asignación JnJ,Asignado,1
3/13/2019,Asignación JnJ,Asignado,1
3/14/2019,Asignación JnJ,Asignado,1
3/15/2019,Asignación JnJ,Asignado,1
3/16/2019,Asignación JnJ,Asignado,1
3/17/2019,Asignación JnJ,Asignado,1
3/18/2019,Asignación JnJ,Asignado,1
3/19/2019,Asignación JnJ,Asignado,1
3/20/2019,Asignación JnJ,Asignado,1
3/21/2019,Asignación JnJ,Asignado,1
3/22/2019,Asignación JnJ,Asignado,1
3/23/2019,Asignación JnJ,Asignado,1
3/24/2019,Asignación JnJ,Asignado,1
3/25/2019,Asignación JnJ,Asignado,1
3/26/2019,Asignación JnJ,Asignado,1
3/27/2019,Asignación JnJ,Asignado,1
3/28/2019,Asignación JnJ,Asignado,1
3/29/2019,Asignación JnJ,Asignado,1
3/30/2019,Asignación JnJ,Asignado,1
3/31/2019,Asignación JnJ,Asignado,1
4/1/19,Asignación JnJ,Asignado,1
4/2/19,Asignación JnJ,Asignado,1
4/3/19,Asignación JnJ,Asignado,1
4/4/19,Asignación JnJ,Asignado,1
4/5/19,Asignación JnJ,Asignado,1
4/6/19,Asignación JnJ,Asignado,1
4/7/19,Asignación JnJ,Asignado,1
4/8/19,Asignación JnJ,Asignado,1
4/9/19,Asignación JnJ,Asignado,1
4/10/19,Asignación JnJ,Asignado,1
4/11/19,Asignación JnJ,Asignado,1
4/12/19,Asignación JnJ,Asignado,1
4/13/2019,Asignación JnJ,Asignado,1
4/14/2019,Asignación JnJ,Asignado,1
4/15/2019,Asignación JnJ,Asignado,1
4/16/2019,Asignación JnJ,Asignado,1
4/17/2019,Asignación JnJ,Asignado,1
4/18/2019,Asignación JnJ,Asignado,1
4/19/2019,Asignación JnJ,Asignado,1
4/20/2019,Asignación JnJ,Asignado,1
4/21/2019,Asignación JnJ,Asignado,1
4/22/2019,Asignación JnJ,Asignado,1
4/23/2019,Asignación JnJ,Asignado,1
4/24/2019,Asignación JnJ,Asignado,1
4/25/2019,Asignación JnJ,Asignado,1
4/26/2019,Asignación JnJ,Asignado,1
4/27/2019,Asignación JnJ,Asignado,1
4/28/2019,Asignación JnJ,Asignado,1
4/29/2019,Asignación JnJ,Asignado,1
4/30/2019,Asignación JnJ,Asignado,1
5/1/19,Asignación JnJ,Asignado,1
5/2/19,Asignación JnJ,Asignado,1
5/3/19,Asignación JnJ,Asignado,1
5/4/19,Asignación JnJ,Asignado,1
5/5/19,Asignación JnJ,Asignado,1
5/6/19,Asignación JnJ,Asignado,1
5/7/19,Asignación JnJ,Asignado,1
5/8/19,Asignación JnJ,Asignado,1
5/9/19,Asignación JnJ,Asignado,1
5/10/19,Asignación JnJ,Asignado,1
5/11/19,Asignación JnJ,Asignado,1
5/12/19,Asignación JnJ,Asignado,1
5/13/2019,Asignación JnJ,Asignado,1
5/14/2019,Asignación JnJ,Asignado,1
5/15/2019,Asignación JnJ,Asignado,1
5/16/2019,Asignación JnJ,Asignado,1
5/17/2019,Asignación JnJ,Asignado,1
5/18/2019,Asignación JnJ,Asignado,1
5/19/2019,Asignación JnJ,Asignado,1
5/20/2019,Asignación JnJ,Asignado,1
5/21/2019,Asignación JnJ,Asignado,1
5/22/2019,Asignación JnJ,Asignado,1
5/23/2019,Asignación JnJ,Asignado,1
5/24/2019,Asignación JnJ,Asignado,1
5/25/2019,Asignación JnJ,Asignado,1
5/26/2019,Asignación JnJ,Asignado,1
5/27/2019,Asignación JnJ,Asignado,1
5/28/2019,Asignación JnJ,Asignado,1
5/29/2019,Asignación JnJ,Asignado,1
5/30/2019,Asignación JnJ,Asignado,1
5/31/2019,Asignación JnJ,Asignado,1
6/1/19,Asignación JnJ,Asignado,1
6/2/19,Asignación JnJ,Asignado,1
6/3/19,Asignación JnJ,Asignado,1
6/4/19,Asignación JnJ,Asignado,1
6/5/19,Asignación JnJ,Asignado,1
6/6/19,Asignación JnJ,Asignado,1
6/7/19,Asignación JnJ,Asignado,1
6/8/19,Asignación JnJ,Asignado,1
6/9/19,Asignación JnJ,Asignado,1
6/10/19,Asignación JnJ,Asignado,1
6/11/19,Asignación JnJ,Asignado,1
6/12/19,Asignación JnJ,Asignado,1
6/13/2019,Asignación JnJ,Asignado,1
6/14/2019,Asignación JnJ,Asignado,1
6/15/2019,Asignación JnJ,Asignado,1
6/16/2019,Asignación JnJ,Asignado,1
6/17/2019,Asignación JnJ,Asignado,1
6/18/2019,Asignación JnJ,Asignado,1
6/19/2019,Asignación JnJ,Asignado,1
6/20/2019,Asignación JnJ,Asignado,1
6/21/2019,Asignación JnJ,Asignado,1
6/22/2019,Asignación JnJ,Asignado,1
6/23/2019,Asignación JnJ,Asignado,1
6/24/2019,Asignación JnJ,Asignado,1
6/25/2019,Asignación JnJ,Asignado,1
6/26/2019,Asignación JnJ,Asignado,1
6/27/2019,Asignación JnJ,Asignado,1
6/28/2019,Asignación JnJ,Asignado,1
6/29/2019,Asignación JnJ,Asignado,1
6/30/2019,Asignación JnJ,Asignado,1
7/1/19,Asignación JnJ,Asignado,1
7/2/19,Asignación JnJ,Asignado,1
7/3/19,Asignación JnJ,Asignado,1
7/4/19,Asignación JnJ,Asignado,1
7/5/19,Asignación JnJ,Asignado,1
7/6/19,Asignación JnJ,Asignado,1
7/7/19,Asignación JnJ,Asignado,1
7/8/19,Asignación JnJ,Asignado,1
7/9/19,Asignación JnJ,Asignado,1
7/10/19,Asignación JnJ,Asignado,1
7/11/19,Asignación JnJ,Asignado,1
7/12/19,Asignación JnJ,Asignado,1
7/13/2019,Asignación JnJ,Asignado,1
7/14/2019,Asignación JnJ,Asignado,1
7/15/2019,Asignación JnJ,Asignado,1
7/16/2019,Asignación JnJ,Asignado,1
7/17/2019,Asignación JnJ,Asignado,1
7/18/2019,Asignación JnJ,Asignado,1
7/19/2019,Asignación JnJ,Asignado,1
7/20/2019,Asignación JnJ,Asignado,1
7/21/2019,Asignación JnJ,Asignado,1
7/22/2019,Asignación JnJ,Asignado,1
7/23/2019,Asignación JnJ,Asignado,1
7/24/2019,Asignación JnJ,Asignado,1
7/25/2019,Asignación JnJ,Asignado,1
7/26/2019,Asignación JnJ,Asignado,1
7/27/2019,Asignación JnJ,Asignado,1
7/28/2019,Asignación JnJ,Asignado,1
7/29/2019,Asignación JnJ,Asignado,1
7/30/2019,Asignación JnJ,Asignado,1
7/31/2019,Asignación JnJ,Asignado,1
8/1/19,Asignación JnJ,Asignado,1
8/2/19,Asignación JnJ,Asignado,1
8/3/19,Asignación JnJ,Asignado,1
8/4/19,Asignación JnJ,Asignado,1
8/5/19,Asignación JnJ,Asignado,1
8/6/19,Asignación JnJ,Asignado,1
8/7/19,Asignación JnJ,Asignado,1
8/8/19,Asignación JnJ,Asignado,1
8/9/19,Asignación JnJ,Asignado,1
8/10/19,Asignación JnJ,Asignado,1
8/11/19,Asignación JnJ,Asignado,1
8/12/19,Primer Tableau Academy,Día Clave,4
8/13/2019,Asignación JnJ,Asignado,1
8/14/2019,Asignación JnJ,Asignado,1
8/15/2019,Asignación JnJ,Asignado,1
8/16/2019,Asignación JnJ,Asignado,1
8/17/2019,Asignación JnJ,Asignado,1
8/18/2019,Asignación JnJ,Asignado,1
8/19/2019,Asignación JnJ,Asignado,1
8/20/2019,Asignación JnJ,Asignado,1
8/21/2019,Asignación JnJ,Asignado,1
8/22/2019,Asignación JnJ,Asignado,1
8/23/2019,Asignación JnJ,Asignado,1
8/24/2019,Asignación JnJ,Asignado,1
8/25/2019,Asignación JnJ,Asignado,1
8/26/2019,Asignación JnJ,Asignado,1
8/27/2019,Asignación JnJ,Asignado,1
8/28/2019,Asignación JnJ,Asignado,1
8/29/2019,Asignación JnJ,Asignado,1
8/30/2019,Asignación JnJ,Asignado,1
8/31/2019,Asignación JnJ,Asignado,1
9/1/19,Asignación JnJ,Asignado,1
9/2/19,Asignación JnJ,Asignado,1
9/3/19,Asignación JnJ,Asignado,1
9/4/19,Asignación JnJ,Asignado,1
9/5/19,Asignación JnJ,Asignado,1
9/6/19,Asignación JnJ,Asignado,1
9/7/19,Asignación JnJ,Asignado,1
9/8/19,Asignación JnJ,Asignado,1
9/9/19,Asignación JnJ,Asignado,1
9/10/19,Asignación JnJ,Asignado,1
9/11/19,Asignación JnJ,Asignado,1
9/12/19,Asignación JnJ,Asignado,1
9/13/2019,Asignación JnJ,Asignado,1
9/14/2019,Asignación JnJ,Asignado,1
9/15/2019,Asignación JnJ,Asignado,1
9/16/2019,Asignación JnJ,Asignado,1
9/17/2019,Asignación JnJ,Asignado,1
9/18/2019,Asignación JnJ,Asignado,1
9/19/2019,Asignación JnJ,Asignado,1
9/20/2019,Asignación JnJ,Asignado,1
9/21/2019,Asignación JnJ,Asignado,1
9/22/2019,Asignación JnJ,Asignado,1
9/23/2019,Asignación JnJ,Asignado,1
9/24/2019,Asignación JnJ,Asignado,1
9/25/2019,Asignación JnJ,Asignado,1
9/26/2019,Asignación JnJ,Asignado,1
9/27/2019,Asignación JnJ,Asignado,1
9/28/2019,Asignación JnJ,Asignado,1
9/29/2019,Asignación JnJ,Asignado,1
9/30/2019,Asignación JnJ,Asignado,1
10/1/19,Asignación JnJ,Asignado,1
10/2/19,Asignación JnJ,Asignado,1
10/3/19,Asignación JnJ,Asignado,1
10/4/19,Asignación JnJ,Asignado,1
10/5/19,Asignación JnJ,Asignado,1
10/6/19,Asignación JnJ,Asignado,1
10/7/19,Asignación JnJ,Asignado,1
10/8/19,Asignación JnJ,Asignado,1
10/9/19,Asignación JnJ,Asignado,1
10/10/19,Asignación JnJ,Asignado,1
10/11/19,Asignación JnJ,Asignado,1
10/12/19,Asignación JnJ,Asignado,1
10/13/2019,Asignación JnJ,Asignado,1
10/14/2019,Asignación JnJ,Asignado,1
10/15/2019,Asignación JnJ,Asignado,1
10/16/2019,Asignación JnJ,Asignado,1
10/17/2019,Asignación JnJ,Asignado,1
10/18/2019,Asignación JnJ,Asignado,1
10/19/2019,Asignación JnJ,Asignado,1
10/20/2019,Asignación JnJ,Asignado,1
10/21/2019,Asignación JnJ,Asignado,1
10/22/2019,Asignación JnJ,Asignado,1
10/23/2019,Asignación JnJ,Asignado,1
10/24/2019,Asignación JnJ,Asignado,1
10/25/2019,Asignación JnJ,Asignado,1
10/26/2019,Asignación JnJ,Asignado,1
10/27/2019,Asignación JnJ,Asignado,1
10/28/2019,Asignación JnJ,Asignado,1
10/29/2019,Asignación JnJ,Asignado,1
10/30/2019,Asignación JnJ,Asignado,1
10/31/2019,Asignación JnJ,Asignado,1
11/1/19,Asignación JnJ,Asignado,1
11/2/19,Asignación JnJ,Asignado,1
11/3/19,Asignación JnJ,Asignado,1
11/4/19,Asignación JnJ,Asignado,1
11/5/19,Asignación JnJ,Asignado,1
11/6/19,Asignación JnJ,Asignado,1
11/7/19,Asignación JnJ,Asignado,1
11/8/19,Asignación JnJ,Asignado,1
11/9/19,Asignación JnJ,Asignado,1
11/10/19,Asignación JnJ,Asignado,1
11/11/19,Asignación JnJ,Asignado,1
11/12/19,Asignación JnJ,Asignado,1
11/13/2019,Asignación JnJ,Asignado,1
11/14/2019,Asignación JnJ,Asignado,1
11/15/2019,Asignación JnJ,Asignado,1
11/16/2019,Asignación JnJ,Asignado,1
11/17/2019,Asignación JnJ,Asignado,1
11/18/2019,Asignación JnJ,Asignado,1
11/19/2019,Accidente,Día Clave,4
11/20/2019,Asignación JnJ,Asignado,1
11/21/2019,Asignación JnJ,Asignado,1
11/22/2019,Asignación JnJ,Asignado,1
11/23/2019,Asignación JnJ,Asignado,1
11/24/2019,Asignación JnJ,Asignado,1
11/25/2019,Asignación JnJ,Asignado,1
11/26/2019,Asignación JnJ,Asignado,1
11/27/2019,Asignación JnJ,Asignado,1
11/28/2019,Asignación JnJ,Asignado,1
11/29/2019,Asignación JnJ,Asignado,1
11/30/2019,Asignación JnJ,Asignado,1
12/1/19,Asignación JnJ,Asignado,1
12/2/19,Asignación JnJ,Asignado,1
12/3/19,Asignación JnJ,Asignado,1
12/4/19,PyLadies en Globant,Día Clave,4
12/5/19,Asignación JnJ,Asignado,1
12/6/19,Asignación JnJ,Asignado,1
12/7/19,Asignación JnJ,Asignado,1
12/8/19,Asignación JnJ,Asignado,1
12/9/19,Asignación JnJ,Asignado,1
12/10/19,Asignación JnJ,Asignado,1
12/11/19,Asignación JnJ,Asignado,1
12/12/19,Asignación JnJ,Asignado,1
12/13/2019,Asignación JnJ,Asignado,1
12/14/2019,Asignación JnJ,Asignado,1
12/15/2019,Asignación JnJ,Asignado,1
12/16/2019,Asignación JnJ,Asignado,1
12/17/2019,Asignación JnJ,Asignado,1
12/18/2019,Asignación JnJ,Asignado,1
12/19/2019,Asignación JnJ,Asignado,1
12/20/2019,Asignación JnJ,Asignado,1
12/21/2019,Asignación JnJ,Asignado,1
12/22/2019,Asignación JnJ,Asignado,1
12/23/2019,Asignación JnJ,Asignado,1
12/24/2019,Asignación JnJ,Asignado,1
12/25/2019,Asignación JnJ,Asignado,1
12/26/2019,Asignación JnJ,Asignado,1
12/27/2019,Asignación JnJ,Asignado,1
12/28/2019,Asignación JnJ,Asignado,1
12/29/2019,Asignación JnJ,Asignado,1
12/30/2019,Asignación JnJ,Asignado,1
12/31/2019,Asignación JnJ,Asignado,1
1/1/20,Asignación JnJ,Asignado,1
1/2/20,Asignación JnJ,Asignado,1
1/3/20,Asignación JnJ,Asignado,1
1/4/20,Asignación JnJ,Asignado,1
1/5/20,Asignación JnJ,Asignado,1
1/6/20,Asignación JnJ,Asignado,1
1/7/20,Asignación JnJ,Asignado,1
1/8/20,Asignación JnJ,Asignado,1
1/9/20,Asignación JnJ,Asignado,1
1/10/20,Asignación JnJ,Asignado,1
1/11/20,Asignación JnJ,Asignado,1
1/12/20,Asignación JnJ,Asignado,1
1/13/2020,Asignación JnJ,Asignado,1
1/14/2020,Asignación JnJ,Asignado,1
1/15/2020,Asignación JnJ,Asignado,1
1/16/2020,Asignación JnJ,Asignado,1
1/17/2020,Asignación JnJ,Asignado,1
1/18/2020,Asignación JnJ,Asignado,1
1/19/2020,Asignación JnJ,Asignado,1
1/20/2020,Asignación JnJ,Asignado,1
1/21/2020,Asignación JnJ,Asignado,1
1/22/2020,Asignación JnJ,Asignado,1
1/23/2020,Asignación JnJ,Asignado,1
1/24/2020,Asignación JnJ,Asignado,1
1/25/2020,Asignación JnJ,Asignado,1
1/26/2020,Asignación JnJ,Asignado,1
1/27/2020,Asignación JnJ,Asignado,1
1/28/2020,Asignación JnJ,Asignado,1
1/29/2020,Asignación JnJ,Asignado,1
1/30/2020,Asignación JnJ,Asignado,1
1/31/2020,Asignación JnJ,Asignado,1
2/1/20,Asignación JnJ,Asignado,1
2/2/20,Asignación JnJ,Asignado,1
2/3/20,Asignación JnJ,Asignado,1
2/4/20,Asignación JnJ,Asignado,1
2/5/20,Asignación JnJ,Asignado,1
2/6/20,Asignación JnJ,Asignado,1
2/7/20,Asignación JnJ,Asignado,1
2/8/20,Asignación JnJ,Asignado,1
2/9/20,Asignación JnJ,Asignado,1
2/10/20,Asignación JnJ,Asignado,1
2/11/20,Asignación JnJ,Asignado,1
2/12/20,Asignación JnJ,Asignado,1
2/13/2020,Asignación JnJ,Asignado,1
2/14/2020,Asignación JnJ,Asignado,1
2/15/2020,Asignación JnJ,Asignado,1
2/16/2020,Asignación JnJ,Asignado,1
2/17/2020,Asignación JnJ,Asignado,1
2/18/2020,Asignación JnJ,Asignado,1
2/19/2020,Asignación JnJ,Asignado,1
2/20/2020,Asignación JnJ,Asignado,1
2/21/2020,Asignación JnJ,Asignado,1
2/22/2020,Asignación JnJ,Asignado,1
2/23/2020,Asignación JnJ,Asignado,1
2/24/2020,Asignación JnJ,Asignado,1
2/25/2020,Asignación JnJ,Asignado,1
2/26/2020,Asignación JnJ,Asignado,1
2/27/2020,Asignación JnJ,Asignado,1
2/28/2020,Asignación JnJ,Asignado,1
2/29/2020,Salida JnJ,Exit,5
3/1/20,Asignación Hulu,Asignación,2
3/2/20,Asignación Hulu,Asignado,1
3/3/20,Asignación Hulu,Asignado,1
3/4/20,Asignación Hulu,Asignado,1
3/5/20,Asignación Hulu,Asignado,1
3/6/20,Asignación Hulu,Asignado,1
3/7/20,Asignación Hulu,Asignado,1
3/8/20,Asignación Hulu,Asignado,1
3/9/20,Asignación Hulu,Asignado,1
3/10/20,Asignación Hulu,Asignado,1
3/11/20,Asignación Hulu,Asignado,1
3/12/20,Asignación Hulu,Asignado,1
3/13/2020,Asignación Hulu,Asignado,1
3/14/2020,Asignación Hulu,Asignado,1
3/15/2020,Asignación Hulu,Asignado,1
3/16/2020,Asignación Hulu,Asignado,1
3/17/2020,Asignación Hulu,Asignado,1
3/18/2020,Asignación Hulu,Asignado,1
3/19/2020,Asignación Hulu,Asignado,1
3/20/2020,Asignación Hulu,Asignado,1
3/21/2020,Asignación Hulu,Asignado,1
3/22/2020,Asignación Hulu,Asignado,1
3/23/2020,Asignación Hulu,Asignado,1
3/24/2020,Asignación Hulu,Asignado,1
3/25/2020,Asignación Hulu,Asignado,1
3/26/2020,Asignación Hulu,Asignado,1
3/27/2020,Asignación Hulu,Asignado,1
3/28/2020,Asignación Hulu,Asignado,1
3/29/2020,Asignación Hulu,Asignado,1
3/30/2020,Asignación Hulu,Asignado,1
3/31/2020,Asignación Hulu,Asignado,1
4/1/20,Asignación Hulu,Asignado,1
4/2/20,Asignación Hulu,Asignado,1
4/3/20,Asignación Hulu,Asignado,1
4/4/20,Asignación Hulu,Asignado,1
4/5/20,Asignación Hulu,Asignado,1
4/6/20,Asignación Hulu,Asignado,1
4/7/20,Asignación Hulu,Asignado,1
4/8/20,Asignación Hulu,Asignado,1
4/9/20,Asignación Hulu,Asignado,1
4/10/20,Asignación Hulu,Asignado,1
4/11/20,Asignación Hulu,Asignado,1
4/12/20,Asignación Hulu,Asignado,1
4/13/2020,Asignación Hulu,Asignado,1
4/14/2020,Asignación Hulu,Asignado,1
4/15/2020,Asignación Hulu,Asignado,1
4/16/2020,Asignación Hulu,Asignado,1
4/17/2020,Asignación Hulu,Asignado,1
4/18/2020,Asignación Hulu,Asignado,1
4/19/2020,Asignación Hulu,Asignado,1
4/20/2020,Asignación Hulu,Asignado,1
4/21/2020,Asignación Hulu,Asignado,1
4/22/2020,Asignación Hulu,Asignado,1
4/23/2020,Asignación Hulu,Asignado,1
4/24/2020,Asignación Hulu,Asignado,1
4/25/2020,Asignación Hulu,Asignado,1
4/26/2020,Asignación Hulu,Asignado,1
4/27/2020,Asignación Hulu,Asignado,1
4/28/2020,Asignación Hulu,Asignado,1
4/29/2020,Asignación Hulu,Asignado,1
4/30/2020,Asignación Hulu,Asignado,1
5/1/20,Asignación Hulu,Asignado,1
5/2/20,Asignación Hulu,Asignado,1
5/3/20,Asignación Hulu,Asignado,1
5/4/20,Asignación Hulu,Asignado,1
5/5/20,Asignación Hulu,Asignado,1
5/6/20,Asignación Hulu,Asignado,1
5/7/20,Asignación Hulu,Asignado,1
5/8/20,Asignación Hulu,Asignado,1
5/9/20,Asignación Hulu,Asignado,1
5/10/20,Asignación Hulu,Asignado,1
5/11/20,Asignación Hulu,Asignado,1
5/12/20,Asignación Hulu,Asignado,1
5/13/2020,Asignación Hulu,Asignado,1
5/14/2020,Asignación Hulu,Asignado,1
5/15/2020,Asignación Hulu,Asignado,1
5/16/2020,Asignación Hulu,Asignado,1
5/17/2020,Asignación Hulu,Asignado,1
5/18/2020,Asignación Hulu,Asignado,1
5/19/2020,Asignación Hulu,Asignado,1
5/20/2020,Asignación Hulu,Asignado,1
5/21/2020,Asignación Hulu,Asignado,1
5/22/2020,Asignación Hulu,Asignado,1
5/23/2020,Asignación Hulu,Asignado,1
5/24/2020,Asignación Hulu,Asignado,1
5/25/2020,Asignación Hulu,Asignado,1
5/26/2020,Asignación Hulu,Asignado,1
5/27/2020,Asignación Hulu,Asignado,1
5/28/2020,Asignación Hulu,Asignado,1
5/29/2020,Asignación Hulu,Asignado,1
5/30/2020,Asignación Hulu,Asignado,1
5/31/2020,Asignación Hulu,Asignado,1
6/1/20,Asignación Hulu,Asignado,1
6/2/20,Asignación Hulu,Asignado,1
6/3/20,Asignación Hulu,Asignado,1
6/4/20,Asignación Hulu,Asignado,1
6/5/20,Asignación Hulu,Asignado,1
6/6/20,Asignación Hulu,Asignado,1
6/7/20,Asignación Hulu,Asignado,1
6/8/20,Asignación Hulu,Asignado,1
6/9/20,Asignación Hulu,Asignado,1
6/10/20,Asignación Hulu,Asignado,1
6/11/20,Asignación Hulu,Asignado,1
6/12/20,Asignación Hulu,Asignado,1
6/13/2020,Asignación Hulu,Asignado,1
6/14/2020,Asignación Hulu,Asignado,1
6/15/2020,Asignación Hulu,Asignado,1
6/16/2020,Asignación Hulu,Asignado,1
6/17/2020,Asignación Hulu,Asignado,1
6/18/2020,Asignación Hulu,Asignado,1
6/19/2020,Asignación Hulu,Asignado,1
6/20/2020,Asignación Hulu,Asignado,1
6/21/2020,Asignación Hulu,Asignado,1
6/22/2020,Asignación Hulu,Asignado,1
6/23/2020,Asignación Hulu,Asignado,1
6/24/2020,Asignación Hulu,Asignado,1
6/25/2020,Asignación Hulu,Asignado,1
6/26/2020,Asignación Hulu,Asignado,1
6/27/2020,Asignación Hulu,Asignado,1
6/28/2020,Asignación Hulu,Asignado,1
6/29/2020,Asignación Hulu,Asignado,1
6/30/2020,Asignación Hulu,Asignado,1
7/1/20,Asignación Hulu,Asignado,1
7/2/20,Asignación Hulu,Asignado,1
7/3/20,Asignación Hulu,Asignado,1
7/4/20,Asignación Hulu,Asignado,1
7/5/20,Asignación Hulu,Asignado,1
7/6/20,Asignación Hulu,Asignado,1
7/7/20,Asignación Hulu,Asignado,1
7/8/20,Asignación Hulu,Asignado,1
7/9/20,Asignación Hulu,Asignado,1
7/10/20,Asignación Hulu,Asignado,1
7/11/20,Asignación Hulu,Asignado,1
7/12/20,Asignación Hulu,Asignado,1
7/13/2020,Asignación Hulu,Asignado,1
7/14/2020,Asignación Hulu,Asignado,1
7/15/2020,Asignación Hulu,Asignado,1
7/16/2020,Asignación Hulu,Asignado,1
7/17/2020,Asignación Hulu,Asignado,1
7/18/2020,Asignación Hulu,Asignado,1
7/19/2020,Asignación Hulu,Asignado,1
7/20/2020,Asignación Hulu,Asignado,1
7/21/2020,Primera entrevista DV - IABSA,Día Clave,4
7/22/2020,Asignación Hulu,Asignado,1
7/23/2020,Asignación Hulu,Asignado,1
7/24/2020,Asignación Hulu,Asignado,1
7/25/2020,Asignación Hulu,Asignado,1
7/26/2020,Asignación Hulu,Asignado,1
7/27/2020,Asignación Hulu,Asignado,1
7/28/2020,Asignación Hulu,Asignado,1
7/29/2020,Asignación Hulu,Asignado,1
7/30/2020,Asignación Hulu,Asignado,1
7/31/2020,Asignación Hulu,Asignado,1
8/1/20,Asignación Hulu,Asignado,1
8/2/20,Asignación Hulu,Asignado,1
8/3/20,Asignación Hulu,Asignado,1
8/4/20,Asignación Hulu,Asignado,1
8/5/20,Asignación Hulu,Asignado,1
8/6/20,Asignación Hulu,Asignado,1
8/7/20,Asignación Hulu,Asignado,1
8/8/20,Asignación Hulu,Asignado,1
8/9/20,Asignación Hulu,Asignado,1
8/10/20,Asignación Hulu,Asignado,1
8/11/20,Asignación Hulu,Asignado,1
8/12/20,Asignación Hulu,Asignado,1
8/13/2020,Asignación Hulu,Asignado,1
8/14/2020,Asignación Hulu,Asignado,1
8/15/2020,Asignación Hulu,Asignado,1
8/16/2020,Asignación Hulu,Asignado,1
8/17/2020,Asignación Hulu,Asignado,1
8/18/2020,Asignación Hulu,Asignado,1
8/19/2020,Asignación Hulu,Asignado,1
8/20/2020,Reca a Tech Manager,Día Clave,4
8/21/2020,Asignación Hulu,Asignado,1
8/22/2020,Asignación Hulu,Asignado,1
8/23/2020,Asignación Hulu,Asignado,1
8/24/2020,Asignación Hulu,Asignado,1
8/25/2020,Asignación Hulu,Asignado,1
8/26/2020,Asignación Hulu,Asignado,1
8/27/2020,Asignación Hulu,Asignado,1
8/28/2020,Asignación Hulu,Asignado,1
8/29/2020,Asignación Hulu,Asignado,1
8/30/2020,Asignación Hulu,Asignado,1
8/31/2020,Asignación Hulu,Asignado,1
9/1/20,Asignación Hulu,Asignado,1
9/2/20,Asignación Hulu,Asignado,1
9/3/20,Asignación Hulu,Asignado,1
9/4/20,Asignación Hulu,Asignado,1
9/5/20,Asignación Hulu,Asignado,1
9/6/20,Asignación Hulu,Asignado,1
9/7/20,Asignación Hulu,Asignado,1
9/8/20,Asignación Hulu,Asignado,1
9/9/20,Asignación Hulu,Asignado,1
9/10/20,Asignación Hulu,Asignado,1
9/11/20,Asignación Hulu,Asignado,1
9/12/20,Asignación Hulu,Asignado,1
9/13/2020,Asignación Hulu,Asignado,1
9/14/2020,Asignación Hulu,Asignado,1
9/15/2020,Asignación Hulu,Asignado,1
9/16/2020,Asignación Hulu,Asignado,1
9/17/2020,Asignación Hulu,Asignado,1
9/18/2020,Asignación Hulu,Asignado,1
9/19/2020,Asignación Hulu,Asignado,1
9/20/2020,Asignación Hulu,Asignado,1
9/21/2020,Asignación Hulu,Asignado,1
9/22/2020,Asignación Hulu,Asignado,1
9/23/2020,Asignación Hulu,Asignado,1
9/24/2020,Asignación Hulu,Asignado,1
9/25/2020,Asignación Hulu,Asignado,1
9/26/2020,Asignación Hulu,Asignado,1
9/27/2020,Asignación Hulu,Asignado,1
9/28/2020,Asignación Hulu,Asignado,1
9/29/2020,Asignación Hulu,Asignado,1
9/30/2020,Asignación Hulu,Asignado,1
10/1/20,Asignación Hulu,Asignado,1
10/2/20,Asignación Hulu,Asignado,1
10/3/20,Asignación Hulu,Asignado,1
10/4/20,Asignación Hulu,Asignado,1
10/5/20,Asignación Hulu,Asignado,1
10/6/20,Asignación Hulu,Asignado,1
10/7/20,Asignación Hulu,Asignado,1
10/8/20,Asignación Hulu,Asignado,1
10/9/20,Asignación Hulu,Asignado,1
10/10/20,Asignación Hulu,Asignado,1
10/11/20,Asignación Hulu,Asignado,1
10/12/20,Diagnostico TDA,Día Clave,4
10/13/2020,Asignación Hulu,Asignado,1
10/14/2020,Asignación Hulu,Asignado,1
10/15/2020,Asignación Hulu,Asignado,1
10/16/2020,Asignación Hulu,Asignado,1
10/17/2020,Asignación Hulu,Asignado,1
10/18/2020,Asignación Hulu,Asignado,1
10/19/2020,Asignación Hulu,Asignado,1
10/20/2020,Asignación Hulu,Asignado,1
10/21/2020,Asignación Hulu,Asignado,1
10/22/2020,Asignación Hulu,Asignado,1
10/23/2020,Asignación Hulu,Asignado,1
10/24/2020,Asignación Hulu,Asignado,1
10/25/2020,Asignación Hulu,Asignado,1
10/26/2020,Asignación Hulu,Asignado,1
10/27/2020,Asignación Hulu,Asignado,1
10/28/2020,Asignación Hulu,Asignado,1
10/29/2020,Asignación Hulu,Asignado,1
10/30/2020,Asignación Hulu,Asignado,1
10/31/2020,Asignación Hulu,Asignado,1
11/1/20,Asignación Hulu,Asignado,1
11/2/20,Asignación Hulu,Asignado,1
11/3/20,Asignación Hulu,Asignado,1
11/4/20,Asignación Hulu,Asignado,1
11/5/20,Asignación Hulu,Asignado,1
11/6/20,Asignación Hulu,Asignado,1
11/7/20,Asignación Hulu,Asignado,1
11/8/20,Asignación Hulu,Asignado,1
11/9/20,Asignación Hulu,Asignado,1
11/10/20,Asignación Hulu,Asignado,1
11/11/20,Asignación Hulu,Asignado,1
11/12/20,Asignación Hulu,Asignado,1
11/13/2020,Asignación Hulu,Asignado,1
11/14/2020,Asignación Hulu,Asignado,1
11/15/2020,Asignación Hulu,Asignado,1
11/16/2020,Asignación Hulu,Asignado,1
11/17/2020,Asignación Hulu,Asignado,1
11/18/2020,Asignación Hulu,Asignado,1
11/19/2020,Asignación Hulu,Asignado,1
11/20/2020,Asignación Hulu,Asignado,1
11/21/2020,Asignación Hulu,Asignado,1
11/22/2020,Asignación Hulu,Asignado,1
11/23/2020,Asignación Hulu,Asignado,1
11/24/2020,Asignación Hulu,Asignado,1
11/25/2020,Asignación Hulu,Asignado,1
11/26/2020,Charla,Día Clave,4
11/27/2020,Asignación Hulu,Día Clave,4
11/28/2020,Asignación Hulu,Día Clave,4
11/29/2020,Asignación Hulu,Día Clave,4
11/30/2020,Asignación Hulu,Día Clave,4
12/1/20,Asignación Hulu,Día Clave,4
12/2/20,Asignación Hulu,Día Clave,4
12/3/20,Asignación Hulu,Día Clave,4
12/4/20,Asignación Hulu,Día Clave,4
12/5/20,Asignación Hulu,Día Clave,4
12/6/20,Asignación Hulu,Día Clave,4
12/7/20,Asignación Hulu,Día Clave,4
12/8/20,Asignación Hulu,Día Clave,4
12/9/20,Asignación Hulu,Día Clave,4
12/10/20,Asignación Hulu,Día Clave,4
12/11/20,Asignación Hulu,Día Clave,4
12/12/20,Asignación Hulu,Día Clave,4
12/13/2020,Asignación Hulu,Día Clave,4
12/14/2020,Asignación Hulu,Día Clave,4
12/15/2020,Asignación Hulu,Día Clave,4
12/16/2020,Asignación Hulu,Día Clave,4
12/17/2020,Asignación Hulu,Día Clave,4
12/18/2020,Asignación Hulu,Día Clave,4
12/19/2020,Asignación Hulu,Día Clave,4
12/20/2020,Asignación Hulu,Día Clave,4
12/21/2020,Piloto BI Fundamentals,Día Clave,4
12/22/2020,Asignación Hulu,Día Clave,4
12/23/2020,Asignación Hulu,Día Clave,4
12/24/2020,Asignación Hulu,Día Clave,4
12/25/2020,Asignación Hulu,Día Clave,4
12/26/2020,Asignación Hulu,Día Clave,4
12/27/2020,Asignación Hulu,Día Clave,4
12/28/2020,Asignación Hulu,Día Clave,4
12/29/2020,Asignación Hulu,Día Clave,4
12/30/2020,Asignación Hulu,Día Clave,4
12/31/2020,Asignación Hulu,Día Clave,4